id,Domain,Status,Attractiveness,Demand,Length,Registrar,Created,Expires
5335ef21-7496-4d08-865e-40c9ac0995ba,construction.at,sold,66,88,12,World4You Internet Services GmbH ( https://nic.at/registrar/61 ),,
f037b30e-829f-4de4-9c94-b2de066f98c4,construction.expert,resell,66,88,12,"Sav.com, LLC - 22",02/01/2025 15:15,02/01/2026 15:15
d72f5ede-09bb-4a5c-8b26-4a1a1cf65069,construction.it,resell,66,88,12,,21/02/2012 23:05,05/03/2026 00:00
98de4b1c-372d-4105-8ac6-d96175546493,construction.me,premium,66,88,12,,,
d4242639-e211-458d-b7b5-65fd4accf51a,construction.online,premium,66,88,12,,,
7668297e-25c4-4d8f-90c3-6d4a24c5698d,construction.site,premium,66,88,12,,,
1a0e2ec8-c0a7-45f8-a9d1-45e16b3441b2,construction.space,premium,66,88,12,,,
3a835999-24a6-4b1d-9f3b-6eefeaf9836f,construction.store,premium,66,88,12,,,
763f4663-2428-410f-948b-20629d499666,construction.tech,premium,66,88,12,,,
3c42d478-d186-4512-927c-8ee8de072de6,construction.xyz,premium,66,88,12,,,
47c7abe6-f6dc-45c5-8431-7af6d089b031,construction.zone,resell,66,88,12,"Sav.com, LLC - 25",19/06/2024 15:15,19/06/2026 15:15
265dae94-4222-49db-8c9b-1f1183e70d6e,installation.app,premium,64,76,12,,,
c58e923d-f96a-448c-9ca6-084641b11f89,installation.at,sold,64,76,12,A1 Telekom Austria AG ( https://nic.at/registrar/16 ),,
2debdcc5-f1a6-446c-8782-090f743922bd,installation.cloud,premium,64,76,12,,,
dbc48081-9a1c-46ee-a56a-d75873254073,installation.co,expiring,64,76,12,Hello Internet Corp.,20/07/2010 18:00,19/07/2025 23:59
1624e9c2-fd8f-44f8-9bb8-dc73fe442da8,installation.dev,premium,64,76,12,,,
883e7640-3e5e-4685-8482-4b478c1ff323,installation.expert,premium,64,76,12,,,
42f363fe-fbc2-4ad3-9a1a-c41814a14c07,installation.gg,available,64,76,12,,,
63254c61-9b0d-4155-8e8f-c04fe115aec1,installation.io,resell,64,76,12,Dynadot Inc,08/06/2014 18:18,08/06/2026 18:18
bd097fe2-aa04-4730-8925-a3399037216f,installation.me,expiring,64,76,12,Key-Systems GmbH,18/07/2008 13:37,18/07/2025 13:37
551d136f-01e7-46ff-8cbd-69bc253a687f,installation.net,expiring,64,76,12,"GoDaddy.com, LLC",30/07/2002 20:33,30/07/2025 20:33
247b06f1-e5c6-43f8-b928-6cf13b9dd2db,installation.online,premium,64,76,12,,,
4782e0ce-923e-4f8b-9c7f-9b996ddc1df0,installation.site,resell,64,76,12,GoDaddy Online Services Cayman Islands Ltd.,14/10/2015 21:41,14/10/2025 23:59
6d3ed4c3-3173-4854-b446-9f1540ce3975,installation.so,available,64,76,12,,,
492a4733-ec7e-406d-9630-eb975dd2562f,installation.space,available,64,76,12,,,
6f8286fc-f416-430b-bbc8-10fb7f5b28d1,installation.store,available,64,76,12,,,
d204e3fb-7a64-4749-b8e4-36748ffbb896,installation.tech,resell,64,76,12,GoDaddy Online Services Cayman Islands Ltd.,07/12/2015 12:10,07/12/2025 23:59
e81ca056-8b97-4952-89a8-70a60922ca8e,installation.zone,available,64,76,12,,,
e015cfe4-2a94-44a4-bbae-6913192ae131,renovation.ai,resell,68,80,10,SeaArea Group Limited,08/06/2021 17:44,08/06/2027 17:44
c27172b3-9082-4ac0-87aa-71f18f701956,renovation.app,resell,68,80,10,"GoDaddy.com, LLC",07/10/2024 23:21,07/10/2025 23:21
6f05dd20-9f48-41de-a7a5-11c682728ea4,renovation.co,expiring,68,80,10,Hello Internet Corp.,20/07/2010 18:00,19/07/2025 23:59
84b24717-c771-4ea3-92cd-f58506f20f89,renovation.gg,available,68,80,10,,,
210a0d20-0d49-432d-8863-c654f9421c03,renovation.it,resell,68,80,10,,29/04/2014 09:00,02/05/2026 00:00
3210b777-9247-47f8-9428-afbc0f40fa20,renovation.net,resell,68,80,10,Epik LLC,05/07/2001 10:42,05/07/2026 10:42
11cf419c-d6cb-4621-93db-2cd68ed27e7f,renovation.ninja,available,68,80,10,,,
82440d7e-42d5-4844-ac42-ff46f56d652e,renovation.online,available,68,80,10,,,
b012df7c-4dcd-40ab-82b3-b2f163a1aecf,renovation.pro,resell,68,80,10,"GoDaddy.com, LLC",16/11/2008 00:00,16/11/2025 00:00
c67bb0ad-1ec1-4d23-9e7a-5459d3b7ec7b,renovation.site,available,68,80,10,,,
892eb706-f915-46e0-870e-64e1861fcfbd,renovation.so,available,68,80,10,,,
4b5dbbaf-a8e9-4091-bafc-4990b8ae5deb,renovation.space,available,68,80,10,,,
9c49c16e-e0d2-4be3-845e-a299f5570f9c,renovation.store,available,68,80,10,,,
059311d2-8aa4-45e5-b3b3-e814f9ef107d,renovation.tech,available,68,80,10,,,
07c0c389-b345-4f7f-808c-4d89918dace6,renovation.us,resell,68,80,10,"GoDaddy.com, LLC",24/04/2002 14:03,23/04/2026 23:59
5c7193c0-4713-4f6a-93ca-fbf6b2a37a9b,renovation.zone,available,68,80,10,,,
5fa10791-12f5-4544-9ce7-4b5b35178c3f,remodeling.app,available,62,72,10,,,
1cb4d796-bb93-48a0-9fdb-68497108c9eb,remodeling.at,available,62,72,10,,,
626eb071-6f6b-45f0-b3c8-3dfe19d07986,remodeling.co,expiring,62,72,10,"eNom, LLC",21/07/2010 22:03,20/07/2025 23:59
37c843a9-a0d4-4ba0-a602-39537e99b4b7,remodeling.dev,available,62,72,10,,,
d722bb39-520c-4017-9fee-3399a1cf9b33,remodeling.gg,available,62,72,10,,,
d304f870-934b-4063-a7c3-fdcee2076cd4,remodeling.it,resell,62,72,10,,24/11/2009 12:34,02/12/2025 00:00
b05c9b47-883a-4425-bda0-708e10fce944,remodeling.me,expiring,62,72,10,"Name.com, Inc.",17/07/2008 16:38,17/07/2025 16:38
e2315e9a-28a3-4b85-8d6d-e60f082803cb,remodeling.online,available,62,72,10,,,
bfe6b1a7-e899-4604-87eb-d6bc3f89790d,remodeling.pro,expired,62,72,10,Dynadot Inc,27/04/2021 14:31,27/04/2025 14:31
2d7ac4f3-b314-4cc8-972e-342bf4ed7570,remodeling.site,available,62,72,10,,,
8cd7c6a0-50e1-4499-8f39-ae6f4a5a591b,remodeling.so,available,62,72,10,,,
168d500e-1308-4dfe-839f-ab5a86204d1a,remodeling.space,available,62,72,10,,,
5fedf07c-3715-4371-a808-bf5def634af5,remodeling.store,available,62,72,10,,,
886e6d53-9dc8-420b-913f-da353af5b73d,remodeling.tech,available,62,72,10,,,
ed6f065f-5114-4c7e-9cf3-9a14425a6c16,remodeling.us,resell,62,72,10,"GoDaddy.com, LLC",24/04/2002 14:08,23/04/2026 23:59
72ceeedc-5314-43db-b78e-4027ee8121da,retrof.it,expired,84,84,8,,10/06/2010 20:27,01/07/2025 00:00
51d55a3e-bcb9-4832-8a90-924bad702e02,retrofit.at,available,84,84,8,,,
eecc290e-517d-4b80-862a-5926e5ed33ad,retrofit.co,resell,84,84,8,1API GmbH,18/09/2012 18:17,17/09/2025 23:59
84a68a14-4dc1-4c79-b895-f9ff8e838f7d,retrofit.it,resell,84,84,8,,25/09/2011 06:01,11/10/2025 00:00
7ed093ad-d222-4443-9ac5-d738ac40cf19,retrofit.so,available,84,84,8,,,
594b71ca-6292-4986-b3cf-cebf988ae354,retrofit.space,available,84,84,8,,,
a7c275a9-586b-40d6-bde4-c5a005ac2efe,retrofit.store,available,84,84,8,,,
dc0fca9e-66eb-409a-a32b-a980e09d9cff,retrofit.tech,available,84,84,8,,,
f3dbfb77-6043-4979-a370-2d7a7d0584dd,adaptivereuse.ai,available,40,24,14,,,
60a1549d-d8b2-4ac2-bb80-a058154b02b1,adaptivereuse.app,available,40,24,14,,,
978a53a0-0527-4286-ba21-2585321a1f3e,adaptivereuse.at,available,40,24,14,,,
0430fa0c-804d-4c41-915f-d361bca69605,adaptivereuse.cloud,available,40,24,14,,,
0f163540-f5bb-449b-a777-035ac641a2f6,adaptivereuse.dev,available,40,24,14,,,
2acc23a1-40e5-428f-925b-585bd9c00291,adaptivereuse.expert,available,40,24,14,,,
c623c268-8f4b-4bf1-a6f3-319a2a991dae,adaptivereuse.gg,available,40,24,14,,,
c22c7395-c6a9-44da-8706-364618a9ca86,adaptivereuse.io,available,40,24,14,,,
49f9fbdf-dfd5-48cd-af0b-f68d65647de1,adaptivereuse.me,available,40,24,14,,,
d625890c-2993-4632-a8a2-e578e0fb930e,adaptivereuse.ninja,available,40,24,14,,,
d4fef758-94d4-4c56-b024-4e259a67a718,adaptivereuse.pro,available,40,24,14,,,
c020bccf-1b10-4526-930d-b3217ad571f3,adaptivereuse.site,available,40,24,14,,,
7a20fa67-df7e-4a06-a3e6-5f3cd7691321,adaptivereuse.so,available,40,24,14,,,
ed3db5e4-b792-4622-9a36-bb9e0de07097,adaptivereuse.space,available,40,24,14,,,
27d5f417-edbd-4290-9769-0e135d49c90d,adaptivereuse.store,available,40,24,14,,,
196476b9-1891-4ddc-a949-b3eab954366b,adaptivereuse.tech,available,40,24,14,,,
f15642f2-a76e-4faa-ab0f-fe47c90a4d3d,adaptivereuse.us,available,40,24,14,,,
7b0cb963-14a4-486a-b8e7-2589f34b9af5,adaptivereuse.xyz,available,40,24,14,,,
aa20c046-c122-4ccf-99b8-940355e677c9,adaptivereuse.zone,available,40,24,14,,,
a304ba28-20d1-4edb-a43e-e03bb27bd53a,grading.at,sold,62,80,7,World4You Internet Services GmbH ( https://nic.at/registrar/61 ),,
34ac00a5-a99e-459d-85b3-df4fffc6cff1,grading.cloud,available,62,80,7,,,
8419ef98-4494-4d3e-90f7-088de8373bb2,grading.dev,available,62,80,7,,,
cc96d781-1c37-4f13-b1db-3e58d68ab90c,grading.expert,available,62,80,7,,,
9b8888ba-7d61-49bf-861a-81ad0d15ab2d,grading.it,resell,62,80,7,,25/05/2016 09:45,26/05/2026 00:00
bbfa07a1-8a6d-4837-a458-36408bdc2ba3,grading.me,resell,62,80,7,"Name.com, Inc.",26/01/2013 03:57,26/01/2026 03:57
3301f468-46f5-492d-be45-d1f04730aca3,grading.ninja,expiring,62,80,7,Tucows Domains Inc.,20/07/2020 18:12,20/07/2025 18:12
e1e4e0ef-9596-4032-8d47-334867a6c765,grading.online,available,62,80,7,,,
67e3fd0d-deda-4fa0-8a19-505890b7ff5f,grading.site,available,62,80,7,,,
b218f79d-e736-41b5-86b5-576690e54ff3,grading.so,available,62,80,7,,,
36ef81d6-157a-4ff3-a99a-e504b9307e77,grading.space,available,62,80,7,,,
9a979783-aedc-462d-89dd-0a81fe5a822b,grading.store,available,62,80,7,,,
cd046a85-0d23-4b97-8fec-0767071b1240,grading.tech,available,62,80,7,,,
377af588-d43a-4b89-a9da-75a335d0d1dd,grading.us,resell,62,80,7,"GoDaddy.com, LLC",02/10/2015 03:41,01/10/2025 23:59
91a7dd4e-4769-443f-8ebb-98e6b96325f7,grading.zone,available,62,80,7,,,
d861bfc8-7b53-4946-8b9d-0d30fe6aaf4f,stonework.ai,available,56,80,9,,,
39027d18-01fe-4f8d-9caf-07b0170de056,stonework.app,available,56,80,9,,,
6609a95a-b6a9-4e69-a935-6f419ff1849f,stonework.at,available,56,80,9,,,
eb337a6c-3554-4c5d-b26e-0f326e635260,stonework.cloud,available,56,80,9,,,
29f89915-8272-4bba-af35-92d9799aab82,stonework.dev,available,56,80,9,,,
aa8a9fa8-4f63-4dc9-994f-c09e9a50e34c,stonework.expert,available,56,80,9,,,
08c15de5-446d-4c7a-b475-3299d7c4c9a9,stonework.gg,available,56,80,9,,,
08cc6663-037b-4548-bb86-991c97cabdfd,stonework.it,resell,56,80,9,,10/09/2013 09:00,28/09/2025 00:00
54efc1be-d1b8-48d6-b6c8-5a6e2944e13e,stonework.me,resell,56,80,9,"Chengdu West Dimension Digital Technology Co., Ltd.",08/11/2024 12:54,08/11/2025 12:54
d99eabd8-f71d-44a7-8fc8-ee8f2f3ed9ec,stonework.net,resell,56,80,9,NetEarth One Inc. d/b/a NetEarth,05/10/2003 18:27,05/10/2025 18:27
14fdc5eb-6301-4d1b-8148-64f97581ba8c,stonework.ninja,available,56,80,9,,,
f0362067-8efb-460a-8198-9489104093d8,stonework.online,resell,56,80,9,"CHENGDU WEST DIMENSION DIGITAL TECHNOLOGY CO., LTD.",05/11/2024 12:43,05/11/2025 23:59
649bab22-66d7-4560-841a-c5967a14def9,stonework.pro,available,56,80,9,,,
4c3d2ae5-d26f-4585-b43b-669eb2fa2d10,stonework.so,available,56,80,9,,,
c6eab0f0-7197-4b44-8ae7-10b75aa018a5,stonework.space,available,56,80,9,,,
55ba85d4-118d-415e-a406-da7c2653e638,stonework.store,available,56,80,9,,,
c36b25c4-471a-41c2-9530-a25e71c384f8,stonework.tech,available,56,80,9,,,
9db87d84-b2be-45d2-a79d-dcf111bd5d95,stonework.zone,available,56,80,9,,,
69f5c39a-d914-45d7-96d3-54e0fe67980f,building.at,available,74,92,8,,,
dc6fb056-8343-4293-b28e-4a4a3a00f210,building.dev,available,74,92,8,,,
47cc19d1-a944-410f-bec3-befc6b4124dd,building.me,expiring,74,92,8,"Spaceship, Inc.",28/07/2008 16:43,28/07/2025 16:43
a9138dd1-5202-4fe0-b7df-107a380dcf0b,building.space,available,74,92,8,,,
5378c834-6df5-4bcf-a13c-75fd2a33190e,building.store,available,74,92,8,,,
faf0531b-ec53-40d8-9666-d2ffa94ad4a5,roofing.at,available,58,84,7,,,
0b320a7d-ef57-4b01-bafe-b77f607dbd0b,roofing.it,resell,58,84,7,,14/03/2021 16:00,16/06/2026 00:00
02613736-e629-4a59-8e6b-8955aa8bbe2f,roofing.me,resell,58,84,7,Porkbun LLC,09/07/2008 17:08,09/07/2026 17:08
82cdc144-8a82-48b2-b5da-f665c849d89e,roofing.online,available,58,84,7,,,
413230de-7331-4801-83e9-d0f0463a8e40,roofing.site,available,58,84,7,,,
210e2465-4651-407a-808b-e164b6bf2452,roofing.so,available,58,84,7,,,
343f8ab0-e114-4a59-95e5-1372f704f87e,roofing.space,available,58,84,7,,,
2382721b-0ca4-42ef-882e-5962e0193555,roofing.store,available,58,84,7,,,
c35ebb1a-6024-49c1-9a60-2c43b5485bc5,roofing.us,resell,58,84,7,"GoDaddy.com, LLC",24/04/2002 14:02,23/04/2026 23:59
dd559daa-7986-48a4-9cda-dd6454dc0739,joinery.ai,resell,56,84,7,Dynadot Inc,27/11/2021 07:06,27/11/2025 07:06
bdc5b7ab-538e-4795-8d4f-a40aafc965ab,joinery.at,available,56,84,7,,,
1014bfe3-7d28-44b3-95dc-0348085e193c,joinery.co,resell,56,84,7,Dynadot Inc,20/07/2010 18:02,19/07/2026 23:59
52341a7e-2b5a-4551-9f47-ab00c2f1c7af,joinery.it,resell,56,84,7,,14/03/2013 10:22,30/03/2026 00:00
8b7153e0-24e8-4ba0-b584-706e271d7076,joinery.ninja,available,56,84,7,,,
74313c0c-03e4-4eab-9871-646fba28cee4,joinery.site,expired,56,84,7,"Registrar of Domain Names REG.RU, LLC",03/05/2024 09:57,03/05/2025 23:59
b8435d30-6669-4203-a25f-e640f56ebd92,joinery.so,available,56,84,7,,,
7a860e1d-11b7-4453-ab2a-aedea067964e,joinery.space,available,56,84,7,,,
266d8a65-c25e-4846-a0f8-9c9afaa3bec9,joinery.store,expired,56,84,7,Communigal Communications Ltd,19/04/2024 00:11,19/04/2025 23:59
a657cfc3-004a-45fb-8940-dc1c9779fb38,joinery.tech,available,56,84,7,,,
d80376f2-dcd4-4723-b0bc-8ba68c0d9666,joinery.xyz,resell,56,84,7,Dynadot LLC,25/05/2019 19:14,25/05/2026 23:59
f6d317bb-9b7f-4487-a3bd-e10e4b87dd94,joinery.zone,available,56,84,7,,,
d494f1a0-096e-4902-b4fe-d588530bc9f5,cladding.app,available,54,80,8,,,
294a3d4b-f35c-4366-b099-56a818439870,cladding.at,available,54,80,8,,,
5e46078f-43c1-4281-8f7d-3759f1b5d868,cladding.cloud,available,54,80,8,,,
ba0612ad-6873-4798-855a-dfa1fc12dd09,cladding.dev,available,54,80,8,,,
9fe469d5-32d8-4eba-96cf-70f5e4dbeabb,cladding.expert,available,54,80,8,,,
2e7357fb-0121-4c2e-a240-dcd5b325c81c,cladding.gg,available,54,80,8,,,
4b6c171c-cd26-4843-a422-f7efc1c9c5e6,cladding.io,available,54,80,8,,,
54f8bbfd-c5c5-4032-befe-7b89c1b0170c,cladding.me,available,54,80,8,,,
4d0dab58-c854-42e8-a859-705cd9b10af1,cladding.ninja,available,54,80,8,,,
4a7d5844-f83f-48fa-b75b-45fe4f4ff350,cladding.online,expired,54,80,8,Communigal Communications Ltd,07/05/2024 01:24,07/05/2025 23:59
6a5f44ce-f606-4c6c-8d21-3043051d7f40,cladding.site,available,54,80,8,,,
c41feeca-c561-4883-80e5-418cea0e0c46,cladding.so,available,54,80,8,,,
e3cf5118-de74-4d0d-a381-5adf42d1ba49,cladding.space,available,54,80,8,,,
0eb535ed-74d2-41ad-9d7f-e47ce8fa3f3c,cladding.store,expiring,54,80,8,Communigal Communications Ltd,27/07/2024 00:11,27/07/2025 23:59
a72096b7-dc35-4ab1-a7fa-50d9e0542b69,cladding.tech,available,54,80,8,,,
469c3e01-1691-4fe2-a46e-3fbf5be867da,cladding.zone,available,54,80,8,,,
e26cce41-94fa-4b93-b40d-c3c82bc9bca9,glazing.app,available,62,88,7,,,
23a87e2f-07a1-4a29-9d94-275981fd7ba5,glazing.at,available,62,88,7,,,
0d71a2e0-c58e-4ae4-96f4-736187b6eb88,glazing.cloud,available,62,88,7,,,
81baf5d1-d638-4f13-b2b0-7d7bb80dcf79,glazing.dev,available,62,88,7,,,
e9a42467-c05b-465a-bac0-e2e221eca09d,glazing.expert,available,62,88,7,,,
8c0cfeb1-35d3-4dcc-b1fb-f589719d31f3,glazing.gg,available,62,88,7,,,
232ef2e0-40c7-45e1-b7e4-c35e58e93557,glazing.ninja,available,62,88,7,,,
4e3f4928-7505-4d09-9cfb-da74735e991c,glazing.online,available,62,88,7,,,
f5cf4b87-920f-433c-975d-d8ecac85b487,glazing.pro,expiring,62,88,7,One.com A/S,27/07/2019 10:09,27/07/2025 10:09
1ed20e67-de3e-4e7f-bd03-5d274c3d911b,glazing.site,available,62,88,7,,,
0983f591-82ee-4cad-86b2-41dec5af1e45,glazing.so,available,62,88,7,,,
fee1d3b8-9053-46ac-b966-b83844547920,glazing.space,available,62,88,7,,,
61db04ba-9c30-4b7c-becb-ac28166495f3,glazing.tech,available,62,88,7,,,
2996b3ed-4efe-444d-9ded-f31bdbe01aca,glazing.xyz,available,62,88,7,,,
faa105d2-94e4-4241-b801-4be791d29a17,glazing.zone,available,62,88,7,,,
f01fc940-da96-47c8-89b9-e63c473556c2,painting.app,expiring,62,80,8,Squarespace Domains II LLC.,24/07/2023 17:46,24/07/2025 17:46
d65ddcb7-28a1-4cc9-93fc-fb741b8c1615,painting.at,sold,62,80,8,registrant:     <data not disclosed>,,
b1d73c1d-fbe6-4ed6-bf45-38c1293b6622,painting.cloud,premium,62,80,8,,,
b4c45f50-8ef3-4da0-906c-6ef81e0c0a79,painting.dev,premium,62,80,8,,,
ad59ad47-4411-4add-ade8-5230dff7148c,painting.gg,available,62,80,8,,,
1a5a8657-4167-4864-a3fd-73642ad8ac1b,painting.io,resell,62,80,8,Dynadot Inc,13/02/2015 20:06,13/02/2026 20:06
fb01def1-73ff-4550-ac54-11396a2d2e08,painting.me,expiring,62,80,8,Epik LLC,09/07/2008 17:07,09/07/2025 17:07
593e1ee8-1526-4c25-84bc-7907030367ab,painting.ninja,premium,62,80,8,,,
6ce095dc-01de-4b96-8754-3b2abeb1a929,painting.online,premium,62,80,8,,,
d746dabd-7208-41dd-8ace-3054e95e898a,painting.site,premium,62,80,8,,,
cd8c3679-ca7e-4c2f-b61d-d86cb69c7bd5,painting.so,available,62,80,8,,,
8bfaf68d-aad6-4290-978d-169e1d6f0b63,painting.space,premium,62,80,8,,,
c604a355-7fa0-42a2-85ff-9c9435f7a6b3,painting.store,premium,62,80,8,,,
6fa8279b-1b3d-45e4-a306-a03d46fdff84,painting.tech,premium,62,80,8,,,
e51bf97e-58dc-49bc-8af0-71cbc9b81855,waterproofing.app,available,,60,13,,,
8aafdf53-8b57-4d9c-8f63-0d7b2f56f1a6,waterproofing.at,available,,60,13,,,
b94fc37d-1b02-438d-a3a7-7096dcc1d408,waterproofing.cloud,available,,60,13,,,
f4661715-8f59-441d-a1bf-099b8c733c40,waterproofing.gg,available,,60,13,,,
32b24ebe-56aa-41a1-8177-3ebecff12271,waterproofing.ninja,available,,60,13,,,
8fd58219-dad5-47a0-a947-a4f3bc8a4daf,waterproofing.online,expired,,60,13,Communigal Communications Ltd,15/05/2024 23:49,15/05/2025 23:59
0db37269-0ca6-4aed-ae4d-99ad0fbea7f2,waterproofing.site,expired,,60,13,"CHENGDU WEST DIMENSION DIGITAL TECHNOLOGY CO., LTD.",01/06/2024 03:51,01/06/2025 23:59
2d4a1703-d32f-4d16-baa6-e1cbe6634ec7,waterproofing.so,available,,60,13,,,
1703c32f-85c8-45ce-87b5-d58c901c93e3,waterproofing.space,available,,60,13,,,
e234a590-e3be-40fe-9218-c41308fbb997,waterproofing.zone,available,,60,13,,,
a5bf0137-39ad-4ac4-9792-927efa214d9e,surveying.app,expiring,66,76,9,"Soluciones Corporativas IP, SLU",28/07/2024 20:56,28/07/2025 20:56
2da2e663-6d48-4357-bb84-86cf7c386f5c,surveying.at,available,66,76,9,,,
581d6b6e-e508-41c8-a253-dd17317a611a,surveying.cloud,available,66,76,9,,,
19b99703-0ff7-4968-98c8-5743f280b8a4,surveying.dev,available,66,76,9,,,
72a01b8d-d928-427b-9004-5d35e01a170d,surveying.expert,available,66,76,9,,,
33759676-19eb-4a08-bcc2-8c269b8db0b1,surveying.gg,available,66,76,9,,,
032ed03f-ba32-4d29-a08e-1cbef0e94c91,surveying.io,resell,66,76,9,"GoDaddy.com, LLC",31/07/2018 12:47,31/07/2026 12:47
fb761345-0d6b-41c6-a832-652b587fe6fe,surveying.it,resell,66,76,9,,19/04/2013 08:13,11/05/2026 00:00
bb08be51-9b4d-48e6-b886-0d645199f803,surveying.me,premium,66,76,9,,,
04963015-9838-45af-8a58-f2fbf4d8bdae,surveying.ninja,available,66,76,9,,,
443efab2-316d-473f-bfe3-bc69689f47a1,surveying.online,premium,66,76,9,,,
71b3bc2e-d4a6-493f-91d3-06f3dad6cf11,surveying.pro,resell,66,76,9,Epik LLC,13/12/2022 17:00,13/12/2025 17:00
ec2d5cff-af10-4018-96ff-1f0162b2638a,surveying.site,premium,66,76,9,,,
0e0a65dc-406c-462d-899f-1baa19c53797,surveying.so,available,66,76,9,,,
11e62f8a-8bf2-4529-b052-94a688a678be,surveying.space,premium,66,76,9,,,
5eaab16f-75fa-49ea-9a59-828b42222161,surveying.store,premium,66,76,9,,,
b4740997-644d-45e1-9687-0bc3f921c184,surveying.tech,premium,66,76,9,,,
7acf0055-b1de-47c8-8f93-457efc52ffce,surveying.zone,available,66,76,9,,,
f1f2046e-232c-40f5-a06f-e2c8ed20e869,plastering.ai,expiring,58,76,10,"GoDaddy.com, LLC",30/07/2023 21:01,30/07/2025 21:01
7376c2f3-d37b-4891-8af2-f631d7680075,plastering.app,available,58,76,10,,,
a06c0783-9b9e-4b81-b096-7f1817867a06,plastering.at,available,58,76,10,,,
cca8af1b-a514-4351-9a5c-25b84e75fc00,plastering.cloud,available,58,76,10,,,
cc191e23-8dd4-4801-bb82-fe112be78558,plastering.dev,available,58,76,10,,,
89d80bd9-4865-456b-842a-392fd3067cf1,plastering.expert,available,58,76,10,,,
e43c4f56-5b8c-496b-a6ff-49b7047bf0a1,plastering.gg,available,58,76,10,,,
42486b72-4b48-40c3-b14b-1538f1015a88,plastering.io,available,58,76,10,,,
eb5887b9-1afd-404d-98f5-4095692e5366,plastering.me,available,58,76,10,,,
5fa83329-166c-479c-9286-c76fac320c4c,plastering.ninja,available,58,76,10,,,
4117c463-9019-468c-8f5e-9430da71bb98,plastering.online,available,58,76,10,,,
588fd356-8100-4801-845b-0a09dafa6e32,plastering.org,resell,58,76,10,1API GmbH,20/11/2004 20:04,20/11/2025 20:04
0488cacd-bbff-415b-a8f6-0ad1553f48da,plastering.site,available,58,76,10,,,
17c626f3-f8b9-4acc-8e72-ba997e1535f9,plastering.so,available,58,76,10,,,
c07314ae-248b-4a29-b3ff-b7207b7511f3,plastering.space,available,58,76,10,,,
a69805b5-85be-40a3-b226-c03ee393329b,plastering.store,available,58,76,10,,,
c689d517-4cb8-41eb-917e-55e55e5c7748,plastering.tech,available,58,76,10,,,
24c7930a-780b-4135-9a3a-a4eb4bb22232,plastering.us,resell,58,76,10,Dominet (HK) Limited,10/02/2025 13:45,10/02/2026 13:45
3b9c3358-6f2b-4f6a-b607-e805cddd4548,plastering.zone,available,58,76,10,,,
0cf4f843-ec67-46a0-9080-915035fa6aeb,management.app,resell,76,84,10,"GoDaddy.com, LLC",08/05/2018 17:10,08/05/2026 17:10
610f593e-14fd-4cb0-ab50-cf2cb78f8fc4,management.cloud,premium,76,84,10,,,
5f90bd5a-e7eb-463e-acef-ed9dc551d1bb,management.co,resell,76,84,10,Hello Internet Corp.,24/02/2010 22:49,23/02/2026 23:59
4da35666-49f1-4040-a3da-b200e9155053,management.com,resell,76,84,10,"NameCheap, Inc.",06/06/1997 04:00,05/06/2026 04:00
576abe10-44e7-4cfc-a46e-f4411e3d3a39,management.dev,premium,76,84,10,,,
06fb067c-563e-47d7-9903-ca43304da860,management.expert,premium,76,84,10,,,
62550ad5-4086-4fa1-b997-c6463b8f3091,management.gg,resell,76,84,10,Dynadot Inc. (https://www.dynadot.com),,
e00d3085-4a5b-4715-aa43-057d10669695,management.io,resell,76,84,10,"Name.com, Inc.",17/05/2024 21:03,17/05/2026 21:03
6c620f56-b63b-4674-b288-ab49cef371a2,management.me,resell,76,84,10,Dynadot Inc,13/09/2015 02:35,13/09/2025 02:35
f240a3ef-5324-4e77-af54-3f339bff729b,management.online,premium,76,84,10,,,
9481735c-16c7-403f-b5b2-f4c5bd451b54,management.org,expiring,76,84,10,"GoDaddy.com, LLC",24/07/1998 04:00,23/07/2025 04:00
5d44fc0b-3483-4e4c-a410-a23676c59dcc,management.pro,resell,76,84,10,"EnCirca, Inc.",22/06/2007 00:00,22/06/2026 00:00
7b1a92c0-c930-4323-91d2-0d659d73ae76,management.site,premium,76,84,10,,,
729f67c4-8cb6-4cee-a7a8-7e0cf31607c9,management.space,premium,76,84,10,,,
ed40715b-4b23-4093-a52d-9a50d2f72234,management.store,premium,76,84,10,,,
70fc5802-d3c4-46d2-b1f2-079e670d8711,management.tech,premium,76,84,10,,,
3b9cc828-98d7-463a-bf1f-2b15c0ae75f0,scaffolding.app,expiring,,52,11,"GoDaddy.com, LLC",22/07/2023 03:14,22/07/2025 03:14
b05b0896-7784-4da6-8479-38632ab6b18a,scaffolding.at,available,,52,11,,,
f5d795e6-9831-4edc-b0ad-8428ee0241af,scaffolding.cloud,available,,52,11,,,
7171edae-5027-4e0e-adc7-168325d67b8a,scaffolding.co,resell,,52,11,"NameCheap, Inc.",19/09/2012 18:39,18/09/2025 23:59
b2a971d0-6e5d-4273-87c7-daeaef616acf,scaffolding.dev,available,,52,11,,,
374ce825-770b-407c-b171-76a51fbc7d59,scaffolding.gg,available,,52,11,,,
8c796e73-0b45-4bca-a765-065edb5d11b9,scaffolding.net,resell,,52,11,"GoDaddy.com, LLC",25/04/1999 13:59,25/04/2027 13:59
6f7b65a2-cfa6-41e3-ac58-8b72eff7a145,scaffolding.ninja,available,,52,11,,,
7a9b8680-24b6-48c6-95e7-38015745f09b,scaffolding.so,available,,52,11,,,
5b5be2a6-e39e-41c3-a15a-4437e855862a,scaffolding.store,available,,52,11,,,
2af1f468-b4cd-4ffb-9787-dcda08b124d7,scaffolding.tech,available,,52,11,,,
57f866c8-80bc-4d39-8941-da12a83ea3b2,scaffolding.zone,available,,52,11,,,
d238be2a-426b-48c5-80f1-7f32d79882d9,site.at,available,88,96,4,,,
7416c816-f825-4c87-99b4-f6e87484f02d,site.cloud,available,88,96,4,,,
f4d35ec1-2223-433a-b694-3bef58979d81,site.net,expiring,88,96,4,"GoDaddy.com, LLC",17/07/1995 04:00,16/07/2025 04:00
369d9a17-2ccb-44df-90fb-28ce273a43fb,site.online,available,88,96,4,,,
2ac4318d-5596-4f4b-92b1-516b3eca1b13,site.space,available,88,96,4,,,
acba5344-da0c-45a6-ac95-22c93b367b4a,site.store,available,88,96,4,,,
1397f064-96ca-4852-ae69-a5b41ee3f3ae,site.tech,available,88,96,4,,,
34062282-5b12-4094-ba82-018dedb958bc,services.at,premium,72,92,8,,,
4a85e913-c8a6-4708-90dc-f736d27e9a21,services.cloud,premium,72,92,8,,,
022913c9-7fd9-4de1-be91-1ca8236fa9bd,services.co,resell,72,92,8,Hello Internet Corp.,25/02/2010 00:55,24/02/2026 23:59
3fe05864-07d9-4f83-b2b0-b45f83646628,services.online,premium,72,92,8,,,
8b854c9a-c05e-4fc6-b080-761d5753cf41,services.site,premium,72,92,8,,,
cc2b561f-1640-4620-b0ae-c235e5079085,services.space,premium,72,92,8,,,
224a0751-cdda-4221-a952-af441532c412,services.store,premium,72,92,8,,,
e75868ea-a536-435c-a269-be3e87321d88,services.tech,premium,72,92,8,,,
83bc7174-7724-460b-9467-2d80c1786fa5,industrial.academy,resell,62,23,10,"Sav.com, LLC - 36",02/04/2025 15:15,02/04/2026 15:15
624a5eb2-dd6e-4fc2-8457-dfa763b574a7,industrial.accountant,available,62,23,10,,,
9ed161a6-c65e-4bfd-bbe3-d88303e9812c,industrial.accountants,available,62,23,10,,,
1be2cd9b-e866-49e6-82d7-cdbbc7a51037,industrial.actor,available,62,23,10,,,
02981ec2-040d-4b3e-b55e-1aca20312e13,industrial.adult,available,62,23,10,,,
d2d9efac-03bc-4594-94fa-6f228f063d8c,industrial.ag,resell,62,23,10,"Sav.com, LLC",15/10/2024 00:46,15/10/2025 00:46
e4cc2c16-a735-431d-a1c6-fc31a6678109,industrial.agency,resell,62,23,10,Automattic Inc.,18/07/2021 15:49,18/07/2028 15:49
e5c3ed38-e0a5-429a-90a3-576e9954fc62,industrial.airforce,available,62,23,10,,,
3acebac5-aa94-4a3d-891e-49f62b066964,industrial.apartments,available,62,23,10,,,
537bd3f6-1bea-4f65-94c5-78a4db5c7a6d,industrial.archi,available,62,23,10,,,
fd71926a-ba22-4d19-9a26-28bb751294b0,industrial.art,available,62,23,10,,,
e340fbbc-68b9-4b7f-bfe1-5d53361367f3,industrial.asia,resell,62,23,10,"GoDaddy.com, LLC",07/08/2008 05:01,07/08/2026 05:01
32e6609d-b8b8-46f5-9cda-2769f37933d2,industrial.associates,available,62,23,10,,,
bf5246d4-dc09-4f52-bccb-0d53f9cb7f12,industrial.at,sold,62,23,10,RegistryGate GmbH ( https://nic.at/registrar/228 ),,
d90cbcf0-235d-4f01-b469-ccacad86e88b,industrial.attorney,available,62,23,10,,,
7026fc1e-afbb-4e26-b0ec-5d50b8d9b817,industrial.auction,available,62,23,10,,,
6d01009f-2056-4e57-9d3f-07d5d41cc91d,industrial.audio,available,62,23,10,,,
ddc8854a-41cb-4d43-9d16-6a9473083edd,industrial.auto,available,62,23,10,,,
76e4b989-87fc-4844-95fd-0b8fdf7dca98,industrial.autos,available,62,23,10,,,
059cc106-8a35-4247-a0af-6bd104706386,industrial.baby,resell,62,23,10,Dynadot LLC,06/05/2025 12:41,06/05/2026 23:59
e163e716-7adf-467a-8bdb-fb1e9fedbe7e,industrial.band,available,62,23,10,,,
1831b7b1-cb14-4387-b74b-d852ecbf6be3,industrial.bar,available,62,23,10,,,
649f062e-d033-45fb-b4e2-faea9b38dbde,industrial.bargains,available,62,23,10,,,
acf0cae4-0c39-43e2-acdc-58a662bb4d0c,industrial.bayern,available,62,23,10,,,
7415196a-3593-487b-b739-115301721d39,industrial.beauty,available,62,23,10,,,
8e3192fa-9016-4b08-9430-3910fde64a05,industrial.beer,available,62,23,10,,,
f97fb479-d731-4a2e-b521-2b4f16c0745f,industrial.berlin,available,62,23,10,,,
b598b5b5-7c47-4288-9d23-f0e8491f22bd,industrial.best,expired,62,23,10,"Sav.com, LLC- 7",15/06/2024 01:00,15/06/2025 23:59
70c807a3-500a-4716-8bca-8b18b9b0e2f8,industrial.bid,resell,62,23,10,Porkbun,09/08/2019 23:50,09/08/2026 23:50
717e0b0d-96cf-4c8b-8184-ff500c7dc5fe,industrial.bike,available,62,23,10,,,
6ccfa9ff-406e-4869-96cd-9406bf7c4a4f,industrial.bingo,available,62,23,10,,,
a0d926cf-990d-4545-8dd3-28a45f9cf650,industrial.black,available,62,23,10,,,
79056f87-09c0-4c98-8311-4ab82036fd03,industrial.blackfriday,available,62,23,10,,,
4698079a-57c2-4a88-8739-1c48921d810c,industrial.blog,available,62,23,10,,,
9e7f7dcf-5f61-426a-9394-d83ea776abae,industrial.boats,available,62,23,10,,,
7c2aadca-8ddf-492a-a766-435ef2b862e3,industrial.boo,available,62,23,10,,,
cadb0bb8-ff90-4793-87a9-bb013de45e58,industrial.boston,available,62,23,10,,,
9862950c-16e1-4e38-85e7-37463e38dc7f,industrial.boutique,available,62,23,10,,,
f0a1ce8e-150f-41c7-a6aa-dd596241b42e,industrial.build,available,62,23,10,,,
9e6a1175-64ea-462f-9540-9cad41cff77a,industrial.builders,available,62,23,10,,,
bd6962cd-bf55-41a6-8000-bf15c09edee9,industrial.buzz,available,62,23,10,,,
93d57c49-d44d-4a4a-9983-d8866bba9a63,industrial.bz,available,62,23,10,,,
0cfc5aa0-992a-4eb5-bce2-a7f4e331144f,industrial.cab,available,62,23,10,,,
43fce380-2caf-4b75-b584-7758ee520cca,industrial.cafe,available,62,23,10,,,
e96efb64-9b4e-4ad0-90d8-950e43b23827,industrial.cam,expired,62,23,10,"Spaceship, Inc.",15/07/2024 17:40,15/07/2025 23:59
c980f448-42dd-4778-8e49-34c3cff7a1ac,industrial.camp,available,62,23,10,,,
539273db-ee5f-41de-8a52-c1fc2a6b70f0,industrial.car,available,62,23,10,,,
a85f3faa-dc1c-4d8e-ba7d-15635faa6974,industrial.cards,available,62,23,10,,,
7583b476-60da-429a-8293-7418da617c63,industrial.care,resell,62,23,10,Domain Science Kutatási Szolgáltató Korlátolt Felelősségű Társaság,08/08/2025 15:15,08/08/2026 15:15
0646f611-3c83-4d2a-8a8b-60963b79c2c0,industrial.casa,available,62,23,10,,,
4133a41c-e117-4861-9acf-af9596aee5c3,industrial.cash,available,62,23,10,,,
86ccb3b1-db80-4cb7-ab8f-a8ec6882ef9a,industrial.casino,available,62,23,10,,,
d8df023b-952e-452b-8064-76789f01931e,industrial.catering,resell,62,23,10,1API GmbH,12/08/2015 14:18,12/08/2026 14:18
5af174c6-0949-4e3f-acb5-eda3749cfa82,industrial.center,available,62,23,10,,,
140fedf2-dfa6-4f46-868c-1c9db0d3978e,industrial.ceo,available,62,23,10,,,
700756a1-686f-48b7-9ff7-9d7ba38b5415,industrial.cfd,available,62,23,10,,,
af040749-69b4-4969-8ebf-a757f3ec7204,industrial.charity,available,62,23,10,,,
7e6aeca4-bc9f-4352-ae8d-929c0e5827ab,industrial.chat,resell,62,23,10,"Xiamen ChinaSource Internet Service Co., Ltd",21/11/2024 17:00,21/11/2025 17:00
b54cf130-b452-41ba-b3ae-76d0451fd8a9,industrial.cheap,available,62,23,10,,,
c9dfc407-8705-4785-831c-a3c9b3c3caea,industrial.christmas,available,62,23,10,,,
4359763c-2888-4ea0-bc00-587b3d245adc,industrial.church,available,62,23,10,,,
260955f0-1ec3-4480-b671-b633e1178691,industrial.claims,available,62,23,10,,,
d550ea09-ee41-4465-bcf8-897f048eb2e0,industrial.cleaning,expiring,62,23,10,"GoDaddy.com, LLC",28/09/2018 16:46,28/09/2025 16:46
46b06cd0-c4c4-46ec-b613-6f00dc2ed81f,industrial.click,available,62,23,10,,,
61627709-2d51-451a-9bc7-ee0ff6ac5770,industrial.clinic,available,62,23,10,,,
80ed674d-d234-4926-a4e5-9e9090666475,industrial.clothing,available,62,23,10,,,
00736592-2a43-44f0-a2ce-65be8455f96a,industrial.cloud,resell,62,23,10,Porkbun LLC,05/05/2018 00:46,05/05/2027 00:46
32931330-e2f1-4e31-8863-32b86341b0dd,industrial.club,resell,62,23,10,"Go Montenegro Domains, LLC",07/05/2014 15:01,06/05/2026 23:59
c214cfa0-cfd6-4cb2-ba8e-e23e6566c408,industrial.co,expiring,62,23,10,"GoDaddy.com, LLC",22/09/2010 18:26,21/09/2025 23:59
946b86bf-0d17-4bd6-a9bb-2f7f77761004,industrial.coach,available,62,23,10,,,
1ed2746e-9a4d-4a7c-885d-f79c20f1ad31,industrial.codes,available,62,23,10,,,
5b090ac8-0c57-46bd-a564-cd63304ad26c,industrial.coffee,available,62,23,10,,,
f097f553-55f0-4de7-aa36-d9df99ba48d7,industrial.college,available,62,23,10,,,
a27a914d-8ef3-44b3-80fc-54a35d5bb46a,industrial.community,available,62,23,10,,,
c72712a1-8a48-4eb4-937d-e2b0592a4d6a,industrial.condos,resell,62,23,10,"Blue Razor Domains, LLC",04/06/2014 16:00,04/06/2026 16:00
2d034cd7-12f1-406d-8aa4-eb4a9aaaa15b,industrial.consulting,available,62,23,10,,,
6b5cb03b-e254-4707-9bf1-3be706c1b5cf,industrial.contact,available,62,23,10,,,
bada0dda-debe-4e81-8ded-225d74a0221c,industrial.country,available,62,23,10,,,
edb4c26a-0a0a-4ce7-9744-b51968d26039,industrial.coupons,available,62,23,10,,,
0a12aa04-c397-46a7-9bf8-2aa998a6c30e,industrial.courses,available,62,23,10,,,
2daa71da-233b-4fd6-a5e7-86bdd08de1bf,industrial.credit,available,62,23,10,,,
37499ab9-a82e-4d50-a252-90e9c6533baa,industrial.creditcard,available,62,23,10,,,
08c18a5b-ef4c-42d0-a49b-0c5227212f0e,industrial.cricket,available,62,23,10,,,
ae20d503-c15e-4460-9c02-22e5dfa6caa0,industrial.cruises,available,62,23,10,,,
95ec28fa-d446-47d4-b1d4-13a60b96cd48,industrial.cv,available,62,23,10,,,
0fdab94c-f5ca-41bf-9593-e9e4260665ed,industrial.cx,expiring,62,23,10,CentralNic Ltd,12/09/2024 00:00,12/09/2025 23:23
4cf29091-20b8-493f-965f-d5ecce6a5942,industrial.cyou,available,62,23,10,,,
11d968d5-00d6-4998-9496-ad66d6411b4e,industrial.dad,available,62,23,10,,,
4a8b241e-3c29-43e1-8e3d-995b41242276,industrial.date,available,62,23,10,,,
c9d4b0ed-43f3-4693-b3bc-3b6337d43bb5,industrial.dating,available,62,23,10,,,
de088a83-16a4-4a17-873c-a51fddc6c925,industrial.day,available,62,23,10,,,
342f915d-f1e8-4126-8d7f-1f2341237007,industrial.dealer,available,62,23,10,,,
439f2e55-38be-43e7-9cea-43ee5e997f2a,industrial.deals,available,62,23,10,,,
a974523a-36fe-4c35-96e4-5a7c8416c24e,industrial.degree,available,62,23,10,,,
858b81f4-8651-415f-8a22-1e638f3bbbe9,industrial.delivery,available,62,23,10,,,
fa71ac80-2aa8-4d03-aa04-06e243fc3faf,industrial.democrat,available,62,23,10,,,
1e1f8774-a97e-405d-a218-da7b6fa6713d,industrial.dental,available,62,23,10,,,
81c3cdcd-64d2-41b3-9b91-e1052989ba55,industrial.dentist,available,62,23,10,,,
cf22bd2c-6b0d-424c-ad65-453493ed20bb,industrial.design,expired,62,23,10,MMX,17/07/2024 15:59,17/07/2025 15:59
fa4cf7c3-9647-4b7c-bf7c-4021c027edee,industrial.dev,available,62,23,10,,,
b52349df-921f-4828-9558-d6ab2e85cbb6,industrial.diamonds,resell,62,23,10,"GoDaddy.com, LLC",16/07/2015 06:39,16/07/2026 06:39
6d478f2a-f8f6-40c5-8d92-871f36f1535d,industrial.diet,available,62,23,10,,,
014d03c9-5544-4394-8b40-e32c3b290574,industrial.diy,available,62,23,10,,,
f008d708-f4cf-4a06-ae9e-1308101772af,industrial.doctor,resell,62,23,10,"Go Montenegro Domains, LLC",02/11/2016 16:00,02/11/2025 16:00
19c521da-90e5-48e5-bea5-d5525b5cc779,industrial.dog,available,62,23,10,,,
cb3e8e47-f00e-4100-bd8c-182781224e3b,industrial.domains,available,62,23,10,,,
b54bb16d-c32d-48e9-be72-864415d51867,industrial.download,available,62,23,10,,,
a550027e-15cf-41f1-9e44-7093c0a9c0d3,industrial.earth,available,62,23,10,,,
f1085c90-49e8-4020-8277-8aa7594228dd,industrial.education,available,62,23,10,,,
9b38288d-84f9-4d11-9980-b473e448f424,industrial.energy,resell,62,23,10,Dynadot Inc,08/07/2020 00:59,08/07/2026 00:59
b6b07434-4125-4a89-ae24-73de26d38051,industrial.engineer,available,62,23,10,,,
44065f4f-7858-40f3-b10e-8ff7fe5a3dea,industrial.enterprises,available,62,23,10,,,
b199da1b-35ad-4a0b-b63e-6767efb145d3,industrial.equipment,available,62,23,10,,,
e366e660-fb0c-4678-a273-f565d14e8cb4,industrial.esq,available,62,23,10,,,
034dedb7-34fb-4aec-96c8-3188c1a34dcf,industrial.estate,resell,62,23,10,Dynadot Inc,13/03/2019 09:30,13/03/2026 09:30
9951dc6d-c194-4d5b-add1-161b4cda5e51,industrial.eu,resell,62,23,10,"Name: WEDOS Internet, a.s. Website: http://hosting.wedos.com",,
22aafa7f-2a9b-4512-89ea-0559e185762a,industrial.expert,resell,62,23,10,"Sav.com, LLC",30/01/2025 15:07,30/01/2026 15:07
c358e99e-852c-419d-b060-2ef0692a3923,industrial.exposed,available,62,23,10,,,
d71b9a38-43db-4e36-aeac-1cdc0f9bf861,industrial.fail,available,62,23,10,,,
4e15441b-c8f0-4b23-a991-2dee0a9ff921,industrial.family,available,62,23,10,,,
07b58711-82a9-4e37-896b-8f8a989dc189,industrial.fans,available,62,23,10,,,
d4e03a05-4569-4867-a424-b1888dafd9bb,industrial.farm,resell,62,23,10,"Spaceship, Inc.",23/04/2014 16:00,23/04/2026 16:00
13c4e52b-ffb5-43fd-8f93-f75de1b92088,industrial.film,available,62,23,10,,,
5a79dde1-aa65-40d8-87db-29088564bc98,industrial.financial,available,62,23,10,,,
39d6623e-500b-4f88-8539-b87cd61fe0a1,industrial.fish,available,62,23,10,,,
c1ff6040-4f4e-4e2d-84e0-0d0125d0cd2d,industrial.fishing,expiring,62,23,10,Key-Systems LLC,14/09/2023 17:53,14/09/2025 17:53
f7db7b5c-51e2-44d4-881c-0be8a85b6f33,industrial.fit,available,62,23,10,,,
7f1fba45-9575-4a93-b114-0d99cd4f050f,industrial.fitness,available,62,23,10,,,
424e83c4-fd68-4b24-91ca-b65b2575ec36,industrial.flights,available,62,23,10,,,
0da63ecb-649e-471c-99ed-6a160724a70d,industrial.florist,available,62,23,10,,,
2ff7784a-3e62-4167-a928-5ed25c3dc050,industrial.flowers,available,62,23,10,,,
1af592f9-0df5-4c7c-8bb4-2295ee6a48b3,industrial.foo,available,62,23,10,,,
dcdcf9d8-6d47-4a4f-a9f9-d0393728c302,industrial.food,available,62,23,10,,,
2d491e66-10c7-435d-a9f8-b84e069b1af1,industrial.football,available,62,23,10,,,
a6d85c56-019f-4448-b162-93fdd2e7e4c2,industrial.forsale,available,62,23,10,,,
69b29151-b217-4d2c-9a5b-f31ebcfe307e,industrial.foundation,expiring,62,23,10,"Sav.com, LLC",16/09/2022 06:27,16/09/2025 06:27
cb1686f0-94a5-4eb5-b468-0b9c65854e02,industrial.fun,available,62,23,10,,,
90e41450-d6a0-4ff9-86af-d89b9fd29190,industrial.furniture,available,62,23,10,,,
df58c94c-aaa7-466b-9f2e-9e955be7a8cb,industrial.futbol,available,62,23,10,,,
a5d7024e-ac7a-4632-8c9b-3c01b7bdb7b5,industrial.fyi,available,62,23,10,,,
35916770-41e6-47d9-92ca-67e43cd79c1c,industrial.gallery,available,62,23,10,,,
ec573739-50fd-43e3-b470-2043c1238df7,industrial.gay,available,62,23,10,,,
4dfc4218-4ab2-4c51-be29-13678f814a1e,industrial.gg,available,62,23,10,,,
7c364cfe-9a8f-4d39-9830-7d4018c9ed09,industrial.gift,available,62,23,10,,,
db708bda-14b5-47e6-8e7a-6246df291b57,industrial.gifts,available,62,23,10,,,
d7218b49-4973-4ecb-9110-b26052e1915a,industrial.gives,available,62,23,10,,,
49375f28-4f13-461a-8f2a-18a85f71aa0a,industrial.gmbh,available,62,23,10,,,
76fbc511-de56-4582-8644-b1315f78e7fe,industrial.graphics,available,62,23,10,,,
45f0fa59-17b2-4359-a59f-55c15ff2dfda,industrial.gratis,available,62,23,10,,,
7c0acee4-a5d1-48d1-a494-0b0ed69c967d,industrial.green,available,62,23,10,,,
547a1d3c-08a1-400d-b884-c133fef7675a,industrial.gripe,available,62,23,10,,,
f3cc00ec-c4a3-48fe-841f-eb13269fe5bc,industrial.guide,expiring,62,23,10,Porkbun LLC,12/09/2024 23:23,12/09/2025 23:23
2158ce55-7b53-4642-af64-897bd9fc3680,industrial.guitars,available,62,23,10,,,
424ab80c-b9d7-4690-a4db-05752084e764,industrial.guru,expired,62,23,10,"Sav.com, LLC - 32",16/06/2024 17:00,16/06/2025 17:00
20ddd280-6bc2-48a3-8c45-90cdbcc5aabc,industrial.hair,available,62,23,10,,,
d28d65da-4b7d-465c-ad25-964cbd70b18f,industrial.haus,available,62,23,10,,,
b5b9aee6-7d88-4211-b0cb-04b58ac2c9e4,industrial.health,available,62,23,10,,,
09f21b60-4af7-4b94-a794-1d5ec624b5f4,industrial.healthcare,available,62,23,10,,,
7c4ccb04-e32c-49a2-ae3e-1431cee6e80a,industrial.hiphop,available,62,23,10,,,
51bc2248-24a6-4274-8c6c-33bc5224b12e,industrial.hockey,available,62,23,10,,,
0b34dc44-c5b0-4773-8c00-1ce60bf20e18,industrial.holdings,available,62,23,10,,,
1e97d767-0419-4fad-b70a-ceb3df46aaea,industrial.holiday,available,62,23,10,,,
db8fd6e9-b76e-48e2-829a-fc94ddbea72e,industrial.homes,resell,62,23,10,"Spaceship, Inc.",21/01/2025 13:42,21/01/2026 23:59
4acf4894-1307-44e2-8275-1f81d9ca7163,industrial.horse,available,62,23,10,,,
5197fb61-7b16-4ff7-9bac-e482ab7dd5d2,industrial.hospital,available,62,23,10,,,
ad2e1d5d-3eda-4bca-9dc4-b0567194d13f,industrial.host,available,62,23,10,,,
df7038d5-4237-4e71-8e91-3e78f3fe06e8,industrial.hosting,available,62,23,10,,,
b6d0bd2b-fcb1-44d0-9b4b-851c935a3200,industrial.hot,available,62,23,10,,,
17f12ab4-3fb8-421c-961d-9fc0b644a3c9,industrial.house,expired,62,23,10,"Sav.com, LLC - 36",05/07/2024 17:00,05/07/2025 17:00
d99d137d-f7ce-4374-8da4-451f6639c9be,industrial.how,available,62,23,10,,,
38030317-3025-477d-9a5d-e3f4dc711349,industrial.icu,available,62,23,10,,,
34580dfe-e5af-443c-b351-d7496ac0d933,industrial.im,available,62,23,10,,,
90b0da13-55ca-4bb2-8a43-2dd3063e142a,industrial.immo,available,62,23,10,,,
6f10e9a4-14a0-4b56-b851-71efcf44ae95,industrial.immobilien,available,62,23,10,,,
99800005-df1e-48ab-9c45-7cc869e94cfe,industrial.inc,available,62,23,10,,,
f87a382c-f38c-404e-90c2-09f32a8d5b44,industrial.ing,available,62,23,10,,,
21a9bbd9-ba6a-4076-a444-aa9cdf8861ef,industrial.ink,available,62,23,10,,,
f96fe9a1-7f62-4a87-af41-3849c6558a52,industrial.institute,available,62,23,10,,,
c7224a29-39bf-488f-b1bd-cca5ae0e4501,industrial.insure,available,62,23,10,,,
aa51d4ec-a8e2-461b-809a-32fbfaebcffd,industrial.investments,resell,62,23,10,Dynadot Inc,03/07/2025 17:00,03/07/2026 17:00
7fbd3f7f-4f8f-462e-a396-5608acc60ed7,industrial.io,resell,62,23,10,Dynadot Inc,24/06/2018 10:07,24/06/2026 10:07
4cdf21ae-597a-4147-ac16-6268c3432f0e,industrial.irish,available,62,23,10,,,
6e51890a-ad18-4d59-89b8-ba21f1a723c6,industrial.jetzt,available,62,23,10,,,
f53e18e9-7597-441b-8594-15d79f2b255a,industrial.jewelry,available,62,23,10,,,
766f399e-2e54-47e8-898f-6bceeb152d4c,industrial.juegos,available,62,23,10,,,
6a104e85-cc63-4aee-853b-9a996cadd5fe,industrial.kaufen,available,62,23,10,,,
ce17f449-cc1b-456a-b9a0-27f1f9d9be32,industrial.kids,available,62,23,10,,,
a19d26d6-59de-41df-a84f-56e73ce7a576,industrial.kim,available,62,23,10,,,
722534c3-7515-43bd-891d-897a635d0983,industrial.la,resell,62,23,10,VIPDomains.LA  Founders Program,16/02/2016 08:07,16/02/2026 23:59
63686e25-18cc-46e0-912a-7aba8f051ead,industrial.lat,available,62,23,10,,,
fe8fff1c-0b88-4a75-a2ea-4e81ec44e6e7,industrial.lawyer,available,62,23,10,,,
63a633d0-d060-405d-9f06-b66f913b80d1,industrial.lease,available,62,23,10,,,
5b66b7de-2945-42fc-88a2-14cfebff6f3c,industrial.legal,available,62,23,10,,,
59369db5-d6c7-4afc-b4b2-ad823305bbc0,industrial.lgbt,available,62,23,10,,,
d1603540-ab16-4e0a-a6ba-ff5094dc0063,industrial.life,resell,62,23,10,Dynadot Inc,03/07/2018 06:28,03/07/2026 06:28
a7742142-fab3-4853-9412-85b8589af7f9,industrial.lifestyle,available,62,23,10,,,
f8704c52-4459-4505-bb3c-17b7f43f8202,industrial.limo,available,62,23,10,,,
62d19a3b-09fe-4d35-a4d7-88076e377cfb,industrial.link,available,62,23,10,,,
3c06954f-246c-4a66-8a76-b13acb379ac5,industrial.living,available,62,23,10,,,
9db0b830-3fa1-4854-801d-8dae07b37fb1,industrial.loan,available,62,23,10,,,
76a8374a-d839-4227-ae64-9cca0767d9b2,industrial.loans,available,62,23,10,,,
b42035cc-f49c-457c-9f02-bbf328bc366a,industrial.locker,available,62,23,10,,,
61d12cc6-64bb-47f7-bbd1-27358ad4476c,industrial.london,available,62,23,10,,,
bd353b7e-dfdc-4e6c-999b-de6b936169bb,industrial.ltd,resell,62,23,10,Alibaba Cloud Computing Ltd. d/b/a HiChina (www.net.cn),21/06/2016 08:39,21/06/2026 08:39
b173a82a-1f69-4474-a77a-4761dad3ef5b,industrial.ltda,available,62,23,10,,,
fd30f9b7-4e6a-4e77-b744-1a9487eda9bb,industrial.luxe,available,62,23,10,,,
79005ca0-2f9e-4177-abb6-a8d18127225a,industrial.luxury,available,62,23,10,,,
33242701-19a0-43e9-89cb-2a35e74aab49,industrial.maison,available,62,23,10,,,
6295fbc3-541a-4444-a01c-3fe695fb775c,industrial.makeup,available,62,23,10,,,
9ff2592c-0dc7-4f6b-a21a-f8571ff9ef0b,industrial.mba,available,62,23,10,,,
62559513-05bc-4c58-b72a-657f438d7307,industrial.me,sold,62,23,10,Key-Systems GmbH,18/07/2008 02:38,18/07/2026 02:38
5c670b8c-69c2-44ab-a205-bc25a9e7f610,industrial.media,resell,62,23,10,"Chengdu West Dimension Digital Technology Co., Ltd.",02/04/2023 15:15,02/04/2026 15:15
5aa01969-1a8b-4749-a3c4-e581c12f168c,industrial.melbourne,available,62,23,10,,,
9e0fa0b5-38bf-489e-b024-e6b6bef28a2a,industrial.meme,available,62,23,10,,,
68642851-932b-44e8-adb4-b11fd31d0276,industrial.memorial,available,62,23,10,,,
176b0732-3b2c-4270-b56c-6f100fa2c242,industrial.men,available,62,23,10,,,
59364df2-9e47-4f24-a12c-4155d52e9fdc,industrial.menu,available,62,23,10,,,
89696e62-7b96-40ee-b7af-8564c9be8775,industrial.miami,available,62,23,10,,,
18dbeda3-7176-4a98-850e-ea1525815eba,industrial.mobi,resell,62,23,10,"Xiamen ChinaSource Internet Service Co., Ltd",30/06/2025 15:15,30/06/2026 15:15
a00abbc8-8cc5-4b52-bc7a-688c7a302c41,industrial.moda,available,62,23,10,,,
37543859-78c6-4ed9-afce-75bcb3e54c27,industrial.moe,available,62,23,10,,,
8d905f25-7b9c-491e-9214-502bcbe6d2a0,industrial.mom,available,62,23,10,,,
4a9b119c-3792-49c8-be8c-34f7fba1f6a3,industrial.monster,available,62,23,10,,,
2ab10283-ec39-4889-a0de-dccd63796604,industrial.mortgage,available,62,23,10,,,
e1cbcd54-0b8b-485f-9a46-fd6633512304,industrial.motorcycles,available,62,23,10,,,
36901695-46ef-45a3-9599-06953562125c,industrial.mov,available,62,23,10,,,
9582a2e2-3683-4bae-a1a6-08ec1e0fd568,industrial.movie,available,62,23,10,,,
046bf418-8124-4981-ad63-39036c015ad6,industrial.music,available,62,23,10,,,
36c824fe-925f-49b8-9c26-66af8ac15f32,industrial.name,available,62,23,10,,,
44391033-4b4d-4344-8697-03545f0e0924,industrial.navy,available,62,23,10,,,
eada4be9-e9c5-4b2f-be13-5fe15899f6cf,industrial.network,resell,62,23,10,"Spaceship, Inc.",12/04/2023 17:00,12/04/2026 17:00
def88d5a-0d88-4e5e-b3bd-73a3de2e86c3,industrial.nexus,available,62,23,10,,,
47e334c3-1e4f-474a-adae-2252f517dde1,industrial.ngo,available,62,23,10,,,
c568456b-0e16-4aca-83a4-41e5923bb1cb,industrial.nyc,available,62,23,10,,,
fae88463-8c34-4e85-99cd-ba77c667deed,industrial.observer,available,62,23,10,,,
81264284-980d-451e-91dc-1c3ca21b6697,industrial.one,available,62,23,10,,,
9cf0b705-f1d0-46c3-b6bc-a5c7d38d2f47,industrial.ong,available,62,23,10,,,
ab5f02e8-19eb-4019-a9da-f495211971dd,industrial.online,available,62,23,10,,,
418ae8bc-0b72-4748-821f-b8ddfbbf23b4,industrial.ooo,available,62,23,10,,,
c7d84a4d-f340-4d92-b0cc-205208dbf935,industrial.organic,available,62,23,10,,,
b1c9f76b-24e1-4eac-b7f3-4287c050eeee,industrial.osaka,available,62,23,10,,,
24f55571-fa80-49fc-ab18-d3cd75fe529c,industrial.page,available,62,23,10,,,
82b9aaea-b64e-481d-b1a7-6abda4a6f578,industrial.partners,resell,62,23,10,Porkbun LLC,24/02/2021 14:56,24/02/2026 14:56
56766a2c-4c62-435d-aed0-4d0fc8c46e82,industrial.parts,expired,62,23,10,Nom-iq Ltd. dba COM LAUDE,25/06/2014 16:00,25/06/2025 16:00
1297b3d4-5ffb-49fe-bdd3-d51674d1a76e,industrial.party,available,62,23,10,,,
5c289c6c-0bd0-4db8-9e61-02f264ee1cac,industrial.pet,available,62,23,10,,,
82bded05-9c18-484a-88fc-05219c22db9e,industrial.phd,available,62,23,10,,,
c00a8dfe-83e4-48a9-976f-bccb03343c82,industrial.photo,available,62,23,10,,,
35365628-6838-4596-9db5-0a5f33091e09,industrial.photography,resell,62,23,10,Dynadot Inc,27/07/2018 08:12,27/07/2026 08:12
b0b9e73c-e928-4883-855c-53dee2578fe4,industrial.pics,resell,62,23,10,"Spaceship, Inc.",15/04/2014 16:02,15/04/2026 23:59
9f79fd45-4f16-4fbb-8b96-a8d66eb210b1,industrial.pictures,resell,62,23,10,"Spaceship, Inc.",23/07/2014 16:00,23/07/2026 16:00
6a4dbfe7-e7b8-48af-974e-afdef62f4f7e,industrial.pizza,available,62,23,10,,,
8ee31348-4fd8-49da-ab7f-0f560b472948,industrial.place,available,62,23,10,,,
b6d65a3e-0b50-42d4-9629-fc5e9c804bd7,industrial.plumbing,available,62,23,10,,,
1924bdd1-cf3c-4635-b697-c148fbac7074,industrial.plus,expiring,62,23,10,"Xiamen ChinaSource Internet Service Co., Ltd",26/09/2018 12:54,26/09/2025 12:54
93fc8dcf-5b20-46f5-beca-262f30500ffa,industrial.poker,available,62,23,10,,,
ab23a9f8-3955-48db-a6c2-538670f95130,industrial.porn,available,62,23,10,,,
6ac17a4e-430f-478a-94e2-fedb1dafd79a,industrial.press,available,62,23,10,,,
02112aeb-cf4f-4527-82f1-fa3c77289e86,industrial.pro,resell,62,23,10,"EnCirca, Inc.",08/04/2006 00:00,08/04/2026 00:00
8be37fee-f3fd-420d-8c22-c8566d011fa1,industrial.productions,available,62,23,10,,,
7685b060-9a0b-4e6f-8fd4-c9af97924c04,industrial.prof,available,62,23,10,,,
c19df206-9b23-4c10-b232-2c39eb95efa1,industrial.promo,available,62,23,10,,,
1a1d4589-1546-436f-b962-fb07025ac62f,industrial.protection,available,62,23,10,,,
b660da4d-6f25-4386-9826-28f1ddc5b675,industrial.pub,available,62,23,10,,,
9b3d2bb9-6197-4cb8-b8c7-dfcb6d1f435f,industrial.pw,available,62,23,10,,,
9b9289e5-d420-4751-bb88-88d0a1b0e367,industrial.qpon,available,62,23,10,,,
7d232c98-1aee-47d3-bd3d-138983d41362,industrial.racing,available,62,23,10,,,
83b52b1e-1939-4cf5-a2f8-9b42690cf2b2,industrial.realty,available,62,23,10,,,
13aaf743-5bc9-4d36-8991-3892279cb28a,industrial.recipes,available,62,23,10,,,
0ba8f3a5-d997-4722-8965-98da462a66ca,industrial.red,expiring,62,23,10,"GoDaddy.com, LLC",31/08/2023 00:40,31/08/2025 00:40
9ff62892-66f0-410b-8792-586d1e7262ae,industrial.rehab,available,62,23,10,,,
514884b8-a816-42bc-8813-c43fb264e3f0,industrial.reise,available,62,23,10,,,
a884f0b5-cefc-41f4-940f-5fd8a2545d14,industrial.reisen,available,62,23,10,,,
027a2cf1-caf3-4b84-b8ae-0b4a6c6b9003,industrial.rent,available,62,23,10,,,
e05e493c-900d-4a8a-87db-a38a01f355e9,industrial.rentals,resell,62,23,10,Dynadot Inc,04/01/2020 12:06,04/01/2026 12:06
95fd898c-2b8c-4657-9994-117f32d71ef7,industrial.repair,expired,62,23,10,"Sav.com, LLC - 24",26/06/2024 17:00,26/06/2025 17:00
b2f8cf29-cdc2-42e3-be51-698e901e9955,industrial.republican,available,62,23,10,,,
8fa3bf89-a92d-4793-bc3c-1f58a1c5160c,industrial.rest,available,62,23,10,,,
923b61da-3632-4662-ba68-508b48822376,industrial.restaurant,available,62,23,10,,,
bf8e184c-5a12-4ee4-a752-31ecb2d1c2e6,industrial.review,available,62,23,10,,,
8a5be388-3907-41ba-9aba-f35087439244,industrial.reviews,available,62,23,10,,,
e652314c-5d95-4966-b397-b7fd9225e383,industrial.rich,available,62,23,10,,,
4e26329a-9dcd-4016-bd5a-1869d5b8188b,industrial.rip,available,62,23,10,,,
facf55de-235a-4f29-8377-fe4020176648,industrial.rocks,available,62,23,10,,,
0a8dfded-4b3a-4e60-8302-da018300b7e8,industrial.rodeo,available,62,23,10,,,
8063c6b6-2509-4646-ab7d-25ce24479f03,industrial.rsvp,available,62,23,10,,,
d27fea8e-c3a6-48cf-8b78-4230ba0f7260,industrial.run,available,62,23,10,,,
631f3203-3bcb-4792-98a7-e1a50f8118da,industrial.sale,available,62,23,10,,,
d50af015-83ea-42c0-bb47-5a5faa593dce,industrial.salon,available,62,23,10,,,
0d42ef5b-38e8-45b5-8b15-2ba5479d4a24,industrial.sarl,available,62,23,10,,,
ed65b1c4-2e27-4d9a-82f4-c4ad05de5d56,industrial.sbs,available,62,23,10,,,
1a6473b4-3c75-4e93-b6f5-69ce246f50e3,industrial.school,available,62,23,10,,,
92184f54-8fe0-4e18-9df9-1078a99f9425,industrial.schule,available,62,23,10,,,
9468baa7-9902-47a9-906e-faf3eaaf1f51,industrial.science,available,62,23,10,,,
18878d74-bfc2-4a29-9d9c-975fac62dd9b,industrial.security,available,62,23,10,,,
d183348d-c4ac-4fd5-8fc6-a8f7d18c62bc,industrial.sexy,available,62,23,10,,,
d841ff1c-1916-494e-b516-756ebb40040b,industrial.sh,available,62,23,10,,,
da75f79b-5c3f-4cb3-bc5f-581fccb9b095,industrial.shiksha,available,62,23,10,,,
90c8b669-e0dc-4fb8-9c61-e646ab3a3b0e,industrial.shopping,available,62,23,10,,,
7d94ef91-69b0-4a50-bd7b-237b89d13dbb,industrial.show,expiring,62,23,10,"Chengdu West Dimension Digital Technology Co., Ltd.",10/09/2023 15:15,10/09/2025 15:15
20b1ad4d-bd05-4d7d-828a-9dec65f762b3,industrial.singles,available,62,23,10,,,
86b213f7-925b-4455-b1a2-e7c997ea0710,industrial.site,available,62,23,10,,,
0927e985-1173-4186-acd5-9c33f1a02a7b,industrial.ski,available,62,23,10,,,
c31a5212-52fc-4196-927d-0e5e0762a249,industrial.skin,available,62,23,10,,,
1f10d4e3-a051-4c66-9fd7-27b251062edb,industrial.soccer,available,62,23,10,,,
b0e6ff3b-9f9e-49b1-9d36-81d301c15160,industrial.social,resell,62,23,10,"Chengdu West Dimension Digital Technology Co., Ltd.",10/12/2023 15:15,10/12/2025 15:15
d2bab394-4bf1-4237-ab9d-4b5296917273,industrial.software,available,62,23,10,,,
6c111f14-64d8-4169-9319-bc2c8b39f517,industrial.solar,resell,62,23,10,Dynadot Inc,11/03/2025 17:00,11/03/2026 17:00
8aa1e05e-d028-4311-9b71-697b45820a50,industrial.solutions,resell,62,23,10,"Spaceship, Inc.",26/03/2014 16:00,26/03/2026 16:00
1e985f85-f7f2-43bb-83c4-39098efef409,industrial.soy,available,62,23,10,,,
403be2c4-1e74-46c0-ab2f-bdbd366ffebb,industrial.space,available,62,23,10,,,
e704fd40-2a87-4ed8-b4bd-fea8609f5e14,industrial.spot,available,62,23,10,,,
ec734ad6-e2a5-4454-ab22-1261e5d720ad,industrial.srl,available,62,23,10,,,
3c9878ed-c5cf-4594-a2fb-95cef35c7917,industrial.store,available,62,23,10,,,
16e63cfe-8b3f-44d1-9b25-958389ae23b8,industrial.studio,available,62,23,10,,,
4a4d427d-7a47-4fef-b45f-c2188278c874,industrial.study,available,62,23,10,,,
f9c267b2-ed3f-40ee-bc28-a8cc40bf30de,industrial.style,available,62,23,10,,,
466f78e0-16b4-4f56-b5b2-b8ebe39e86a5,industrial.sucks,available,62,23,10,,,
ab583ad5-e268-416e-951f-bb609a63ff2e,industrial.surf,available,62,23,10,,,
28d40b85-0ca2-467e-9701-291419a99dbf,industrial.surgery,available,62,23,10,,,
05ae67f7-5770-4e5c-8c47-9d4c92515d7b,industrial.sydney,available,62,23,10,,,
30253e25-bdc1-48f5-a4ae-11da8a0300dd,industrial.tattoo,available,62,23,10,,,
aab83165-9c45-4d76-88b2-1ffe53384464,industrial.tax,expiring,62,23,10,"GoDaddy.com, LLC",19/09/2024 17:43,19/09/2025 17:43
b923268b-cd72-4a63-ac3c-1baee2e4d4fb,industrial.taxi,available,62,23,10,,,
a59aa22b-e5da-4a89-b30e-5216ecef8bdd,industrial.tech,available,62,23,10,,,
621d681d-7991-4cb5-9ed5-d1d913fc3773,industrial.technology,available,62,23,10,,,
c211abc5-4fd4-4a3d-ab18-7add5e4deec3,industrial.tennis,available,62,23,10,,,
b7047908-f68b-4836-8fba-1b539b27e97d,industrial.theater,available,62,23,10,,,
aa21a13c-06bb-4caf-8f07-309816260d79,industrial.theatre,available,62,23,10,,,
5a4d2766-2b5b-4944-b5c2-4d22c18ea3d1,industrial.tickets,available,62,23,10,,,
ba6f2e80-bfcf-4d1c-bc01-aa950a10828a,industrial.tienda,available,62,23,10,,,
562341c7-0b94-4686-a546-4421fb922a31,industrial.tips,available,62,23,10,,,
b7e4e862-1eb3-462b-bc87-79f235f5d1d4,industrial.today,resell,62,23,10,"Chengdu West Dimension Digital Technology Co., Ltd.",22/10/2023 15:15,22/10/2025 15:15
a444eb01-6cbc-47f7-8588-b6164f7b03be,industrial.tools,available,62,23,10,,,
d8931b9c-9931-4449-a22e-517ccd05d9e6,industrial.top,resell,62,23,10,成都西维数码科技有限公司,23/04/2024 18:01,23/04/2026 18:01
76f80cbc-b1f7-45fc-a4bb-57807e356f44,industrial.toys,available,62,23,10,,,
e9a128bb-b36b-4b15-838f-ed5ff9847723,industrial.trade,available,62,23,10,,,
9cf9f0b9-796b-452f-8d58-1d1bfeaed0c4,industrial.travel,available,62,23,10,,,
9981da4d-99a4-4cd7-a372-5ccd1b3a01bf,industrial.tube,available,62,23,10,,,
2a9bffbd-ac14-4e9b-9434-2194becfc607,industrial.uno,available,62,23,10,,,
4a730335-7796-4e9f-95f2-e32bb7b64e3a,industrial.us,resell,62,23,10,"GoDaddy.com, LLC",05/07/2005 17:08,04/07/2026 23:59
01743f60-d676-42ce-9f02-5cc1057e20cf,industrial.vacations,available,62,23,10,,,
9ba3c485-1b13-461f-9091-cecf598cce61,industrial.vana,available,62,23,10,,,
b88a299a-52be-442c-ada5-ef23036cdccb,industrial.vc,resell,62,23,10,"Sav.com, LLC",28/11/2023 19:10,28/11/2025 19:10
1c1dbc2b-d80c-4807-b4cb-02bad62aad09,industrial.vegas,available,62,23,10,,,
a74112f3-48f3-4287-ae52-3bf5800e02a3,industrial.vet,available,62,23,10,,,
834d37c0-4085-4832-96e0-1b3786c53bdb,industrial.viajes,available,62,23,10,,,
b87483b0-6a5d-4eab-9fba-c82a8f2b1fe2,industrial.villas,available,62,23,10,,,
ed732c89-6580-408a-a41e-902eab9b52fc,industrial.vin,available,62,23,10,,,
fcc89390-278e-462a-9d69-bdd08ac4642d,industrial.vip,resell,62,23,10,"Chengdu West Dimension Digital Technology Co., Ltd.",06/08/2019 16:54,06/08/2026 16:54
75870389-fa2f-40f7-98ac-56035f37ce0c,industrial.vodka,available,62,23,10,,,
c67c95df-9022-4ebd-93c6-d1fe2442a0ec,industrial.vote,available,62,23,10,,,
9c08e9a3-d31d-4d51-8c3b-06733f0a8a6a,industrial.voting,available,62,23,10,,,
c055b1ab-53a9-405e-b48b-5c48023bfa38,industrial.voto,available,62,23,10,,,
fac806df-02bc-41e7-afcf-377125614e80,industrial.voyage,available,62,23,10,,,
ca3b3668-9544-4e62-a150-dd1d910b940f,industrial.watch,available,62,23,10,,,
ca6ca189-a34e-4837-b70d-4479ca1196ea,industrial.webcam,available,62,23,10,,,
efc1e9ff-1efd-4905-97ff-89ea6bef28bc,industrial.website,available,62,23,10,,,
e2ccec7f-8274-4839-ba80-6261e62b8ce9,industrial.wedding,available,62,23,10,,,
b77c8655-c6ef-415a-b96e-30b567a9111f,industrial.win,available,62,23,10,,,
cd08d1c6-1431-45b1-a5be-3710f817335b,industrial.wine,available,62,23,10,,,
f08245e3-d85a-4437-9b34-fd96a7a55922,industrial.work,resell,62,23,10,"Chengdu West Dimension Digital Technology Co., Ltd.",20/11/2021 23:54,20/11/2025 23:54
362f9906-b1b7-41bb-818f-e3b21e1c2975,industrial.world,resell,62,23,10,"DNSPod, Inc.",20/08/2023 15:15,20/08/2026 15:15
7599fabc-3ac7-463e-b9ec-d9cd00510679,industrial.wtf,available,62,23,10,,,
6def54db-3ac5-437e-9848-2f669aa70625,industrial.xyz,resell,62,23,10,"Go Daddy, LLC",25/08/2021 13:16,25/08/2026 23:59
d2b3d5c5-d557-46c7-bcbf-24973bd2a9ae,industrial.yachts,available,62,23,10,,,
623fabc6-9ac3-41d4-b9b8-40b79834d60a,industrial.zone,sold,62,23,10,"DNSPod, Inc.",04/07/2021 16:02,04/07/2026 16:02
5cb73371-89a0-4518-a6ac-fa1cb8619d92,contracting.ai,resell,78,72,11,"GoDaddy.com, LLC",19/01/2023 05:33,19/01/2027 05:33
a7ed935b-eb0a-448b-a591-0e3ec6acb0ed,contracting.app,available,78,72,11,,,
51a1eac9-c5ce-49f7-9fab-ed6a440a1235,contracting.at,sold,78,72,11,Domainers Registrar AG ( https://nic.at/registrar/668 ),,
63bf25ee-89e9-4f7a-accd-ed5969162d89,contracting.cloud,available,78,72,11,,,
a2e24818-c890-4e97-aae2-37442332bd4c,contracting.co,sold,78,72,11,"eNom, LLC",20/07/2010 18:02,19/07/2026 23:59
d94b7a6b-5b61-4db0-954b-70bfc69f90f4,contracting.dev,available,78,72,11,,,
52cf5d35-f572-4223-82c4-836fc77e733d,contracting.gg,available,78,72,11,,,
d327220b-4a22-4da3-970a-e355d1a2f4e4,contracting.io,resell,78,72,11,Dynadot Inc,20/02/2018 03:16,20/02/2026 03:16
f90f9aad-5e25-43cf-97fa-9fb8a54802f7,contracting.it,resell,78,72,11,,05/06/2010 19:50,16/06/2026 00:00
59b0ed51-b33d-479c-a67b-4db8b140b0b3,contracting.me,available,78,72,11,,,
9100fbac-5ee9-45f1-be92-18b338822d6e,contracting.net,resell,78,72,11,"GoDaddy.com, LLC",09/06/1997 04:00,08/06/2026 04:00
0bd67b2b-a8c7-4de4-a68c-32421dd7aee5,contracting.ninja,available,78,72,11,,,
49bee74a-a1b7-47b9-aced-e3d500d8d9d3,contracting.online,available,78,72,11,,,
51c4a8d6-dd79-4b30-be21-81d8fd769bf4,contracting.site,available,78,72,11,,,
ea98b5a0-9b0b-44df-bae3-58e5e857428c,contracting.so,available,78,72,11,,,
15bd09a1-4bf3-4490-a745-6bd7d3935236,contracting.space,available,78,72,11,,,
414161ff-7497-412f-8c96-2ec7b486fdac,contracting.store,available,78,72,11,,,
d53a2362-f8cb-4c68-9127-d4e5442ebdbc,contracting.xyz,resell,78,72,11,"Go Daddy, LLC",10/06/2014 15:52,10/06/2026 23:59
f4698f43-5e55-47d2-983d-6c106aa7a2c1,contracting.zone,available,78,72,11,,,
0b8eaece-4f5a-48e9-8dcc-3bf9242a9808,commercial.community,expiring,91,19,10,"GoDaddy.com, LLC",22/12/2023 21:50,22/12/2025 21:50
7a4544ab-a0ec-49e5-b991-401d60f7819e,commercial.company,resell,91,19,10,"Name.com, Inc.",29/07/2016 00:47,29/07/2027 00:47
a4d84ebe-9094-400a-b278-6593a6f22254,commercial.computer,resell,91,19,10,GoDaddy Online Services Cayman Islands Ltd.,18/06/2017 12:05,18/06/2026 12:05
d71105c2-2a5e-4325-a2f9-31c8143e6017,commercial.condos,premium,91,19,10,,,
466940fb-d015-4281-897c-a4dd80fe9918,commercial.construction,premium,91,19,10,,,
6f6118fb-9faa-4ed0-ab5e-b4268e2d3dfc,commercial.consulting,premium,91,19,10,,,
35f4d185-8cdd-4397-a54a-595b4ef727fe,commercial.contact,available,91,19,10,,,
8bcb9bae-36c4-426c-9628-5d8e80ebbbdd,commercial.contractors,expiring,91,19,10,"Name.com, Inc.",29/12/2024 04:06,29/12/2025 04:06
588030d5-722d-40eb-9054-06d3e521d634,commercial.cooking,premium,91,19,10,,,
03808d7e-70d1-48e3-9b1b-bbcd0acbd604,commercial.cool,resell,91,19,10,"Sav.com, LLC",05/02/2025 17:16,05/02/2026 17:16
59005694-7fdc-4820-8315-4bced797c6f2,commercial.country,available,91,19,10,,,
e403ba6e-3870-46fb-942e-816601fdbf5e,commercial.coupons,available,91,19,10,,,
b3bd6205-5412-4a8d-9d90-7bf392007b17,commercial.courses,premium,91,19,10,,,
01667dd5-3ce3-461a-9a35-96049efd645c,commercial.credit,sold,91,19,10,Dynadot Inc,17/11/2019 10:09,17/11/2026 10:09
cc5f863b-c325-41fe-8390-533eab26b734,commercial.creditcard,premium,91,19,10,,,
ce531993-4a72-4bd8-8a5f-a79cb6181e39,commercial.cricket,premium,91,19,10,,,
dff0343e-d1a4-4123-95f7-9402cefaae79,commercial.cruises,available,91,19,10,,,
43922ead-0372-424d-9e86-cdf911ea948d,commercial.cv,sold,91,19,10,Spaceship,25/11/2025 00:00,25/11/2026 18:34
215680c7-06fe-4674-b0fe-7ac8e3ddbb07,commercial.cx,expired,91,19,10,CentralNic Ltd,15/11/2024 00:00,15/11/2025 08:38
0221ba31-8698-4749-99d5-ddb657d0b4be,commercial.cyou,premium,91,19,10,,,
02dde15d-e693-43b6-a36e-9fc048af00ad,commercial.dad,premium,91,19,10,,,
0f733321-af90-41ab-8a2d-10c68d50ee0d,commercial.dance,premium,91,19,10,,,
f151aaa8-4d33-49fb-b8ef-370d60eb3d29,commercial.date,premium,91,19,10,,,
0ee99537-a349-41a3-be9f-117febee373c,commercial.dating,available,91,19,10,,,
512693a7-f9d4-454d-a6e7-97751f013da5,commercial.day,premium,91,19,10,,,
ecfb03f6-0f7c-449d-9632-9e262709168c,commercial.deal,available,91,19,10,,,
306facd9-2a7f-451e-a620-e62b76a468ea,commercial.dealer,premium,91,19,10,,,
91fae2f8-84a1-474f-8a22-86f3b267a4be,commercial.degree,available,91,19,10,,,
4bc8665b-4f2c-42c9-a7df-becb60c6cd51,commercial.delivery,resell,91,19,10,Dynadot Inc,31/05/2025 17:00,31/05/2026 17:00
f76dfe1c-7b70-4129-a0b5-c1a3bc6d4dc1,commercial.democrat,available,91,19,10,,,
01e32abc-ae5d-4dbc-9bdc-9eb269d9186d,commercial.dental,available,91,19,10,,,
3454a80c-8298-43b1-acfe-af2400917b2e,commercial.dentist,available,91,19,10,,,
5a585694-ddef-484f-a472-ea7ac6e3e5b7,commercial.design,expired,91,19,10,MMX,17/07/2024 15:59,17/07/2025 15:59
04e7505a-a827-4bb0-bfb2-e0b6f2a2269b,commercial.diamonds,available,91,19,10,,,
98c9da0b-7215-4ae8-ade0-ec764c281733,commercial.diet,available,91,19,10,,,
f065adbd-7f01-4568-a11b-903bb089755a,commercial.digital,premium,91,19,10,,,
53243e05-1fe1-4132-adf3-24c456be3a27,commercial.direct,resell,91,19,10,Dynadot Inc,15/07/2016 05:37,15/07/2026 05:37
e91e1e0d-058f-4434-b7b5-07f7674c3873,commercial.discount,available,91,19,10,,,
fbafc760-0393-4c7b-85c9-4f0d2a038f64,commercial.diy,premium,91,19,10,,,
a008e9c2-5570-4501-9f31-67cc1573bb8d,commercial.doctor,available,91,19,10,,,
b4ca3462-56d4-43c0-9365-cb8c4008b29d,commercial.dog,available,91,19,10,,,
881a3638-df64-4bac-ac58-73468cde4e7d,commercial.domains,resell,91,19,10,"GoDaddy.com, LLC",11/05/2025 16:18,11/05/2026 16:18
a6fb28d5-5a23-4943-b3ff-2817290224b1,commercial.download,premium,91,19,10,,,
40ebcac4-23b2-4df0-bc86-5d793f80e775,commercial.earth,premium,91,19,10,,,
568d7d90-9acc-4734-8ee6-dd5146d10537,commercial.email,resell,91,19,10,"Sav.com, LLC - 20",12/06/2025 15:15,12/06/2026 15:15
09ad414a-a9cd-4b79-8d99-2069f1c4681a,commercial.engineer,premium,91,19,10,,,
8d13e944-db7e-4bfa-b18c-91a064786610,commercial.engineering,available,91,19,10,,,
c33017ef-d9f5-4308-90c2-5af3b6e34598,commercial.equipment,premium,91,19,10,,,
b21a6000-90c2-42f6-95ab-e9b358ad2af3,commercial.esq,premium,91,19,10,,,
1d5fecd0-d258-4f8c-bb28-24699d39baf3,commercial.exchange,resell,91,19,10,Dynadot Inc,25/06/2019 09:22,25/06/2026 09:22
f583b3a1-e4db-4d37-beca-04846b6c36ca,commercial.expert,expiring,91,19,10,"NameCheap, Inc.",12/12/2020 17:52,12/12/2025 17:52
6fec2a43-c348-414d-b0da-4db6e96427fe,commercial.exposed,available,91,19,10,,,
ed12fe00-e767-4809-b68d-cc34a7745953,commercial.express,resell,91,19,10,Dynadot Inc,16/03/2020 06:07,16/03/2026 06:07
f606351c-0d64-410d-8a42-eb3e1d6e8d77,commercial.fail,premium,91,19,10,,,
4289ded7-a0a2-469b-a7ce-4f2dcbb530f9,commercial.faith,premium,91,19,10,,,
45c09125-66df-4e50-836f-764535969c6d,commercial.family,premium,91,19,10,,,
cd4d121c-e9f6-4bac-b91d-1432625c16e1,commercial.fan,premium,91,19,10,,,
5b47afde-cbb4-41dc-9440-9d918240988b,commercial.fans,premium,91,19,10,,,
39f7c881-82f9-4afc-a685-339087ec8aeb,commercial.farm,resell,91,19,10,"Spaceship, Inc.",23/04/2014 16:00,23/04/2026 16:00
b2c1d0b5-35ad-455b-8d1d-52072fc4a7ad,commercial.fashion,premium,91,19,10,,,
e982b027-e862-44a3-95c0-60d55af43579,commercial.fast,available,91,19,10,,,
92b0ee1c-be13-402f-a1a7-1916bed0e197,commercial.feedback,available,91,19,10,,,
f3152d71-32de-4ad5-9ab0-23d0cd386932,commercial.film,available,91,19,10,,,
117e6399-1b66-4be5-a42e-2c76ef54b65d,commercial.finance,sold,91,19,10,Dynadot Inc,18/11/2016 08:05,18/11/2026 08:05
2b1bca04-04a1-4a28-acbe-8163ba6afc26,commercial.financial,resell,91,19,10,Dynadot Inc,19/10/2020 13:37,19/10/2026 13:37
a97b9319-2ea8-4aa6-a74c-848d11cd889e,commercial.fish,premium,91,19,10,,,
d4348f61-a098-4acb-bfc6-935e3b510b1b,commercial.fishing,premium,91,19,10,,,
f028cd9f-b157-482e-b4d5-1e007c0ce100,commercial.fit,premium,91,19,10,,,
d2588227-3071-4b70-ab1c-995b0fcbbabe,commercial.fitness,premium,91,19,10,,,
4c5b1140-5638-40cd-adcf-86d5e7d2e4c7,commercial.florist,available,91,19,10,,,
5ce0c0c0-6655-4a0b-ac4f-804ada1d5510,commercial.flowers,available,91,19,10,,,
582facd0-3bca-4d40-83c2-83d791168f9c,commercial.fm,premium,91,19,10,,,
f968f222-8e66-4e6c-81c0-ee5639138ab3,commercial.foo,premium,91,19,10,,,
2b83e7a8-bf15-4ad6-9263-8b488b79140a,commercial.food,premium,91,19,10,,,
9869962c-d158-450e-8952-0280d76579cb,commercial.football,available,91,19,10,,,
60c220c9-65f7-4a4c-aa53-d5331777efe9,commercial.forsale,premium,91,19,10,,,
c6a03d6d-4ed0-4e24-ba59-852c6cccdadc,commercial.foundation,premium,91,19,10,,,
8f46310b-1cc4-48c9-aede-e5274a2e680f,commercial.free,available,91,19,10,,,
6e659b7c-7b88-490e-9621-8bdcc39ccd4e,commercial.fun,premium,91,19,10,,,
5b3801e5-d7f4-42e0-b1fc-9e690e8eb73e,commercial.futbol,available,91,19,10,,,
ad44bc10-bee1-4f7e-99e9-229a1ba3d24e,commercial.fyi,premium,91,19,10,,,
3ee0a640-41cb-435f-9311-b71379487fae,commercial.game,available,91,19,10,,,
b8d252ab-9102-48e0-a968-1969f1132284,commercial.garden,premium,91,19,10,,,
8520d805-7a71-468d-8e41-8d3417884e0c,commercial.gay,available,91,19,10,,,
6531463c-755f-461b-ade6-35ff079bc75b,commercial.gg,resell,91,19,10,"Spaceship, Inc (https://www.spaceship.com)",,
0a86c09a-3ab2-429c-bf59-e684979b4157,commercial.gift,available,91,19,10,,,
5a09a8fc-b59f-4f7d-bb48-ab73f33b3b12,commercial.gifts,available,91,19,10,,,
e50957f8-2f5d-4613-8127-7da73c758ac2,commercial.gives,available,91,19,10,,,
dbe883e0-6595-4c86-9cb6-8042af898c1a,commercial.giving,available,91,19,10,,,
597fb8f1-46d4-4938-911e-e4ace265cc0d,commercial.glass,resell,91,19,10,Dynadot Inc,26/10/2016 08:02,26/10/2026 08:02
f24c3ffd-3782-49ca-b56c-4b6680057e5e,commercial.global,premium,91,19,10,,,
b60ab2f1-614c-44be-bc60-b0b1a5a8556a,commercial.gmbh,available,91,19,10,,,
9b6a9dd3-dff1-430c-9fce-0db77c50e70f,commercial.gold,resell,91,19,10,"DNSPod, Inc.",13/05/2018 23:19,13/05/2026 23:19
0053dc60-615e-4637-ae15-78e7ea233840,commercial.golf,available,91,19,10,,,
7e2ac21a-e248-4ebe-85fb-405535d76e89,commercial.graphics,premium,91,19,10,,,
58d4ff34-1271-4a48-b3ea-913620ad4df8,commercial.gratis,available,91,19,10,,,
3a198a11-0c1e-435e-80b3-75a0aba835f8,commercial.green,premium,91,19,10,,,
8c3efb5e-dafe-4b51-8749-ea5bd91ef2da,commercial.gripe,available,91,19,10,,,
c932df15-e945-4be0-922d-8f751b78ee15,commercial.group,premium,91,19,10,,,
f897863d-2808-47fe-bd21-1442d8bd4d81,commercial.guide,expired,91,19,10,"Spaceship, Inc.",06/10/2017 01:23,06/10/2025 01:23
8b827674-7251-4e27-a769-e777d414d2a5,commercial.guitars,available,91,19,10,,,
f436760f-1f0c-4444-972f-3c2ab25ba231,commercial.guru,resell,91,19,10,"Chengdu West Dimension Digital Technology Co., Ltd.",23/04/2017 08:17,23/04/2026 08:17
eb113eed-0bbf-4c0d-8758-28989a35b41e,commercial.hair,available,91,19,10,,,
96b17f8b-6078-4653-9006-635bfab9aeb1,commercial.haus,available,91,19,10,,,
45e296a3-f4c0-472d-ab21-9f2808781af6,commercial.health,available,91,19,10,,,
ae927678-34f1-49d5-b806-7e9fc0a86610,commercial.healthcare,available,91,19,10,,,
5119aada-3529-4015-8c30-426c0915ae4c,commercial.hiphop,premium,91,19,10,,,
ddcb0b74-3296-43a7-b55a-a17b1e28190c,commercial.hiv,available,91,19,10,,,
145bbe1b-4fa4-48f0-b2a9-dae5d79352ce,commercial.hockey,available,91,19,10,,,
a0cd7b66-10a8-42fa-b8f4-1621bf40b84f,commercial.holdings,available,91,19,10,,,
4a58c621-42fa-4fa3-a10d-b6887280c079,commercial.holiday,available,91,19,10,,,
74c8850f-6903-4a61-8a20-0f0b91ad1637,commercial.homes,resell,91,19,10,"Spaceship, Inc.",17/01/2025 17:45,17/01/2026 23:59
36117fa5-8c8a-4e2a-a6df-5b68e9d9f478,commercial.horse,available,91,19,10,,,
8dd6d86d-7542-462c-8660-bb7698bb234a,commercial.hospital,available,91,19,10,,,
31a588f1-9047-4d30-98ac-b12014257dbd,commercial.host,premium,91,19,10,,,
9cd723ce-8598-4319-a8ae-128b2461e609,commercial.hosting,available,91,19,10,,,
6686b2b6-3f01-4bc3-8427-f9561cd51367,commercial.hot,premium,91,19,10,,,
6976603a-2354-4cb8-83a3-6e4b87407aca,commercial.house,resell,91,19,10,Porkbun LLC,23/02/2019 17:57,23/02/2026 17:57
0c0e445a-aedb-4514-9218-58ad8d412525,commercial.how,premium,91,19,10,,,
f34bc2db-ba23-4059-98ba-4920946ba551,commercial.icu,premium,91,19,10,,,
a0685478-2868-4cb4-8931-92eb910b1dfe,commercial.id,resell,91,19,10,PT Jagat Informasi Solusi (int),16/01/2024 00:30,16/01/2026 23:59
760d64a4-cbff-4bcd-b831-66772ad8ee60,commercial.im,premium,91,19,10,,,
bc9a7f89-6faa-4ed2-a505-a814c1ef1558,commercial.inc,premium,91,19,10,,,
56330f00-8b97-40af-9e9f-f36042a82e82,commercial.industries,premium,91,19,10,,,
636c0eae-6812-4d53-9a15-352da015caa5,commercial.info,premium,91,19,10,"GoDaddy.com, LLC",21/09/2006 09:36,21/09/2026 09:36
910924a8-de75-472d-aa72-8769ef1aab76,commercial.ing,premium,91,19,10,,,
bb34b115-7f86-4455-8f72-f505263d495a,commercial.ink,premium,91,19,10,,,
6b47897a-b816-4166-87e9-3e38761a1bd6,commercial.institute,expired,91,19,10,"Sav.com, LLC",13/10/2024 00:19,13/10/2025 00:19
648719ae-2c48-462d-8739-4ab6d52b88e1,commercial.investments,premium,91,19,10,,,
a4e1aea1-2499-4218-85a8-ec4ca9c037c7,commercial.io,resell,91,19,10,Dynadot Inc,02/10/2024 17:54,02/10/2026 17:54
1e8bc007-1595-4094-9c80-82b73b590762,commercial.irish,available,91,19,10,,,
aba687e9-e036-4b5f-a2a0-6d74808276a4,commercial.it,premium,91,19,10,,,
8db21352-05ef-40c6-bf39-25652fb9e372,commercial.jetzt,available,91,19,10,,,
55e4cfac-bd73-436f-bf25-253cf7ddd8a9,commercial.jewelry,available,91,19,10,,,
453dab24-b6ce-45d3-a3f6-71d5a356f36c,commercial.juegos,available,91,19,10,,,
81642cfb-0aad-4832-bcb2-f5a08d9c4c03,commercial.kaufen,available,91,19,10,,,
cbd11f84-dc44-4f48-90e9-7bd815fa50e9,commercial.kids,premium,91,19,10,,,
5f09c875-5f8c-4f4b-b41d-ebfd0ec914ec,commercial.kitchen,sold,91,19,10,Dynadot Inc,02/09/2019 08:26,02/09/2026 08:26
2ca9db91-bd5f-4411-9555-e25b2a6f4d0b,commercial.la,resell,91,19,10,.LA Founders Premium Program,12/03/2016 04:14,12/03/2026 23:59
6babd96b-9a00-4d0c-9fd7-4bb7eacb620e,commercial.lat,resell,91,19,10,Dynadot LLC,24/10/2025 13:17,24/10/2026 23:59
786ea787-2736-4e25-b545-b3dd0e36d493,commercial.lawyer,premium,91,19,10,,,
b4205fa8-73c5-49ce-b891-01510bef2bd2,commercial.lease,sold,91,19,10,Dynadot Inc,11/11/2019 09:34,11/11/2026 09:34
27dfc189-463a-4d98-b7b3-1dc4d983f61c,commercial.legal,sold,91,19,10,Dynadot Inc,26/06/2021 22:13,26/06/2026 22:13
931e179f-0145-4840-a98c-5eb93fe3d243,commercial.lgbt,premium,91,19,10,,,
6b77669d-dc07-4db0-88af-ca9dd23022d7,commercial.life,resell,91,19,10,"Spaceship, Inc.",22/05/2016 05:49,22/05/2026 05:49
a842d5bc-e79f-45c1-89dc-c243c08a6616,commercial.lifestyle,premium,91,19,10,,,
2ecdc067-e7bf-448a-8c0e-16a23c5dbfb6,commercial.limited,available,91,19,10,,,
671969df-7b3c-4e75-9b5f-f2ff0aceef46,commercial.limo,available,91,19,10,,,
3bb83ce3-f121-48b1-8f50-83bbbc69e4ff,commercial.live,resell,91,19,10,Dynadot Inc,01/04/2021 22:45,01/04/2026 22:45
b3b3853a-3750-4588-bae5-17488d93ad29,commercial.living,premium,91,19,10,,,
5d66c37d-3862-4089-ba17-70f3f1b3eb08,commercial.llc,premium,91,19,10,,,
400d99de-c844-4ee5-96b1-bd085fd4068d,commercial.loan,premium,91,19,10,,,
13bec878-9144-438d-af24-f0f17a8bfd45,commercial.loans,resell,91,19,10,"Global Domains International, Inc. DBA DomainCostClub.com",26/08/2015 23:52,26/08/2026 23:52
5713c441-008c-4b76-9cc8-35703859be57,commercial.locker,sold,91,19,10,"Dynadot, LLC",26/10/2025 22:36,26/10/2026 22:36
e165d828-938d-4048-ba5b-bc06d85d5f20,commercial.london,premium,91,19,10,,,
f6cdaf31-e75c-474e-913a-fd968726bd01,commercial.ltda,premium,91,19,10,,,
ccfae897-2999-4909-9578-5acbb60f40e8,commercial.luxe,resell,91,19,10,Dynadot Inc,12/02/2023 15:49,12/02/2026 15:49
728c8cc6-edfd-4d6d-9181-eb095f010f0e,commercial.maison,available,91,19,10,,,
c3199729-d2c7-4d8d-9e52-b2aafbbc453c,commercial.makeup,available,91,19,10,,,
61a1b258-6ba7-45a6-a335-11a47921ec72,commercial.market,premium,91,19,10,,,
e7ef9b36-3110-46c6-85f9-93875563deb4,commercial.marketing,sold,91,19,10,Dynadot Inc,24/11/2017 23:25,24/11/2026 23:25
0a924f54-a55e-4b95-a22b-212ca4b679a2,commercial.mba,available,91,19,10,,,
624c611e-94e0-419a-a9c0-a933435b1bd3,commercial.media,premium,91,19,10,,,
fa78f82a-b1ad-49ff-85a1-5d3168d7ee91,commercial.melbourne,available,91,19,10,,,
5306d19a-af82-4980-abeb-401b1f0c0959,commercial.meme,premium,91,19,10,,,
dc2df0f1-79df-40ad-8698-0dbb99b4c1c1,commercial.memorial,premium,91,19,10,,,
9617a31c-e5a8-4f9d-87e5-29b1ad6b8cf5,commercial.men,resell,91,19,10,Dynadot Inc,06/06/2016 06:01,06/06/2026 06:01
18d4d50f-90a3-4efe-b959-369152cc6f1a,commercial.menu,premium,91,19,10,,,
7a60cbf0-56b2-42b7-abc0-a6071410a6be,commercial.miami,premium,91,19,10,,,
b8d98954-2afa-4ea9-b214-ef148fe5ff4a,commercial.mobi,premium,91,19,10,,,
9c090ce2-e4f3-4a82-87fc-61038c996588,commercial.moda,available,91,19,10,,,
bed37e84-4c45-4b17-ba81-d0528512a1fa,commercial.moe,available,91,19,10,,,
f17615cb-9989-4820-9fbd-c90f2992a2de,commercial.mom,available,91,19,10,,,
7b9ccb6b-7d05-4170-8477-02ee1653a2d1,commercial.monster,available,91,19,10,,,
3509e1a3-25aa-4e00-8c4c-0013222c482d,commercial.motorcycles,available,91,19,10,,,
06d1f2d4-340e-4c56-b3ad-b2ffa9f925b6,commercial.mov,premium,91,19,10,,,
33dc8d2f-f395-43b4-80c9-69c70878a6d6,commercial.movie,available,91,19,10,,,
ede4724b-c167-41e8-95f8-6f8df5bc14e7,commercial.music,premium,91,19,10,,,
c575db3b-296f-4962-bcc2-ced33cd9d274,commercial.mx,available,91,19,10,,,
61a7b73e-4883-41a2-95bc-47bdb0f71a66,commercial.my,premium,91,19,10,,,
0e15a682-f622-4795-8c1c-1f23567316bc,commercial.navy,available,91,19,10,,,
d43ffc83-f0f2-4ff0-a6a1-8504686e44f5,commercial.network,sold,91,19,10,Dynadot Inc,24/02/2019 23:18,24/02/2026 23:18
4bf42d16-edd8-4a50-9e25-6e09678cd3a9,commercial.news,premium,91,19,10,,,
133201f6-9ea9-4db0-b50b-9067c5b15b9e,commercial.nexus,premium,91,19,10,,,
d7cbfe5f-5807-4409-bd81-d77820c43124,commercial.ngo,available,91,19,10,,,
f1f9b934-133d-4134-8713-24f27504b1f9,commercial.nyc,resell,91,19,10,Hello Internet Corp.,07/10/2016 22:08,06/10/2027 23:59
115fd228-14fe-4937-ab72-83a4119ea922,commercial.observer,premium,91,19,10,,,
3f95ff00-70a5-4550-8e8c-0c56f82ca358,commercial.one,premium,91,19,10,,,
79c2687a-a0d9-4b39-b35d-1e2cabd25e63,commercial.ong,available,91,19,10,,,
0c47ab41-360b-45d6-a438-b5f7d76aac49,commercial.onl,sold,91,19,10,"NameCheap, Inc.",03/10/2025 03:44,03/10/2026 03:44
935cf87e-1756-45a7-8a48-3b39a352b92c,commercial.online,premium,91,19,10,,,
7ef60064-f08c-40d1-8375-c2f1702f32c3,commercial.ooo,premium,91,19,10,,,
6fd88be1-a4ba-4d0c-ba83-388f37f7b222,commercial.organic,available,91,19,10,,,
14d1f408-a7da-4bd0-a480-dba7cbca36d2,commercial.osaka,available,91,19,10,,,
30c2e00e-06ff-440b-9a08-756d0176b2f5,commercial.page,premium,91,19,10,,,
3980c2df-e52d-47ba-a081-a5d202d58e0e,commercial.parts,premium,91,19,10,,,
17a8ff0a-8f5d-49ed-82ee-05023818cc37,commercial.party,premium,91,19,10,,,
fc4ab149-921f-48af-b7c6-29ee2d75d198,commercial.pet,available,91,19,10,,,
178789b8-3bd1-45d3-bf02-f3c471cf4164,commercial.phd,premium,91,19,10,,,
0c4da00f-6cdb-4f52-8035-1fe299af551e,commercial.photo,premium,91,19,10,,,
812b0d08-de32-46dc-b4df-fe27ac614956,commercial.photos,resell,91,19,10,"Spaceship, Inc.",02/03/2014 16:00,02/03/2026 16:00
b7316a3b-90a9-49c3-aaac-dce6445b5b39,commercial.pics,resell,91,19,10,"Spaceship, Inc.",15/04/2014 16:02,15/04/2026 23:59
ed6fd4ac-320f-4147-9eff-ee91e0fab859,commercial.pictures,resell,91,19,10,"GoDaddy.com, LLC",16/06/2022 01:56,16/06/2026 01:56
fe2e0e87-6581-4620-88bc-0e8b36567885,commercial.pink,available,91,19,10,,,
d611c38d-457e-4de3-9942-c16b4fb5acb3,commercial.pizza,premium,91,19,10,,,
6d36c817-50ec-40b6-8a08-fe2b14921faf,commercial.place,premium,91,19,10,,,
a4642fe5-1455-4fd0-b194-6bda7067070d,commercial.plumbing,premium,91,19,10,,,
a0cdbd6d-9f2a-4562-9097-66e56104fad5,commercial.plus,resell,91,19,10,"DNSPod, Inc.",16/10/2018 08:56,16/10/2026 08:56
6e8be7e0-9579-4fed-b2f1-899b389e321d,commercial.poker,available,91,19,10,,,
d50f580e-3fcf-4887-8020-220b2c8c86ff,commercial.porn,available,91,19,10,,,
73b6357e-ea96-421c-ab98-cece0fc9f562,commercial.press,premium,91,19,10,,,
c37e1f21-a3d5-40c5-8bf5-65c347f47011,commercial.productions,premium,91,19,10,,,
d12872dc-0048-4876-8242-ac3dcd8f622f,commercial.prof,premium,91,19,10,,,
11e522c4-a95b-499d-b2b4-b6128474aef5,commercial.promo,premium,91,19,10,,,
edf86480-d331-40a9-95ea-df874adfa311,commercial.protection,available,91,19,10,,,
3a2973c4-5d9d-4811-921b-7d753d04abcb,commercial.pub,available,91,19,10,,,
877c8078-1de8-496c-9280-6221a7caad78,commercial.pw,premium,91,19,10,,,
50164dd8-d5d4-492e-9989-cd49f0e8f596,commercial.qpon,available,91,19,10,,,
5b634270-f355-47b3-868e-3d61b9b2effe,commercial.quest,resell,91,19,10,"Spaceship, Inc.",14/01/2025 16:16,14/01/2026 23:59
83eefa9c-df71-4af4-8537-fd0f64a3afac,commercial.racing,premium,91,19,10,,,
0df73724-6aab-4250-8fc7-577b142e31c3,commercial.realty,expired,91,19,10,NAMECHEAP,25/09/2024 14:42,25/09/2025 14:42
8fe82b2c-cdef-40ff-831d-a7b2af40da04,commercial.recipes,available,91,19,10,,,
4fe21402-3181-4c2f-8a49-00f0f9146014,commercial.red,available,91,19,10,,,
e8af51cc-39e6-4114-b151-b27279eef7ac,commercial.reise,available,91,19,10,,,
2844cb94-c594-4ae6-b885-e8bf067ca7a0,commercial.reisen,available,91,19,10,,,
69435522-4fab-45a3-93ed-b31391178c72,commercial.rent,premium,91,19,10,,,
2b977a26-5bfd-4b05-9400-b9c145a6555c,commercial.rentals,available,91,19,10,,,
bca617c5-9c6d-4738-b4ea-8b3200e4876f,commercial.repair,sold,91,19,10,"Cloudflare, Inc",08/09/2025 19:43,08/09/2026 19:43
bcb6bfc2-1e58-4001-8d7b-87e485147b44,commercial.report,sold,91,19,10,united-domains GmbH,09/09/2014 14:45,09/09/2026 14:45
53c045e9-423a-4edb-86ef-1e61ae955eb1,commercial.republican,available,91,19,10,,,
f74a27a0-3351-47f5-90a0-6087c1aa1f54,commercial.rest,available,91,19,10,,,
63ec31c4-65e9-43e9-b75b-8441255c21dd,commercial.restaurant,available,91,19,10,,,
db858578-a1fe-48bf-ba3a-6365e7d24976,commercial.review,available,91,19,10,,,
b79ba01b-34ca-48e2-a58e-5f0101550442,commercial.reviews,available,91,19,10,,,
34d6cc9c-aef1-4cc0-a96c-f60d12833beb,commercial.rich,available,91,19,10,,,
766ba9bf-73e9-4cb0-89a2-7c4bb7d120de,commercial.rip,available,91,19,10,,,
fc0f9e5e-5b8d-4af5-8b76-2958961933e0,commercial.rocks,available,91,19,10,,,
f7289416-db1b-4036-8331-fda64a8f0946,commercial.rodeo,available,91,19,10,,,
ec215e36-210b-434c-a29a-a81e7d7191bc,commercial.rsvp,available,91,19,10,,,
35716b72-8d20-48ce-b3a6-e7397e964fa8,commercial.run,resell,91,19,10,"Sav.com, LLC - 33",21/07/2025 15:15,21/07/2026 15:15
76bfa6fc-ef27-48e1-9b42-88652a10e45c,commercial.sale,available,91,19,10,,,
66c7032c-0700-4f31-a83c-ee9a67bc65eb,commercial.salon,available,91,19,10,,,
31a4bdcd-5477-46c2-8a29-390ec05d1e6c,commercial.sarl,available,91,19,10,,,
61ed1761-9416-4e5a-87b2-57fb4ff184e7,commercial.sbs,available,91,19,10,,,
7c02543a-f5da-457b-bf7b-97545c8a19d9,commercial.schule,available,91,19,10,,,
c634619d-b113-49d2-ac46-1afb237e96d1,commercial.science,available,91,19,10,,,
62c78263-f52c-4ce5-9295-3b0d51dd89f6,commercial.security,available,91,19,10,,,
f448cea6-d21f-4516-b8e2-63c988aa205e,commercial.services,available,91,19,10,,,
6a5f489d-9fec-4268-9eb2-e1d06fd8b973,commercial.sexy,available,91,19,10,,,
b6ce5235-779a-4bb3-8380-0099010ccdbb,commercial.sh,available,91,19,10,,,
9d637401-c6b2-4158-b1c8-2b57e9566a0f,commercial.shiksha,available,91,19,10,,,
7bcf47a0-5e24-40be-a871-ab6e8f0ce2a1,commercial.shoes,available,91,19,10,,,
0e5038b9-6090-4a37-a33c-3bd434adbb08,commercial.shopping,sold,91,19,10,Porkbun LLC,30/08/2025 23:07,30/08/2026 23:07
b3e06ae1-ad45-4c60-884d-7fa32b83adeb,commercial.show,resell,91,19,10,Alibaba Cloud Computing Ltd. d/b/a HiChina (www.net.cn),03/05/2023 15:15,03/05/2026 15:15
b8e8e5b1-a3a8-4d62-abb9-c032af52dd42,commercial.singles,available,91,19,10,,,
6b9c1f27-c149-498f-a071-0934bc99ee57,commercial.site,available,91,19,10,,,
e0aa3467-e61b-4fb7-a68b-89c11e6f7c45,commercial.ski,available,91,19,10,,,
00fc6205-d01e-4e40-ab88-910a9533dcf5,commercial.skin,available,91,19,10,,,
7be574b8-ecd3-47a8-80f2-3edab6907443,commercial.so,available,91,19,10,,,
01c63c32-ec9e-424e-bacc-6cdf08af9ec7,commercial.soccer,available,91,19,10,,,
93cae308-2641-4dab-9e71-d704f4391ebf,commercial.social,resell,91,19,10,"DNSPod, Inc.",10/10/2018 06:35,10/10/2026 06:35
1d04ac50-4b9a-4ecf-af11-044451262deb,commercial.software,available,91,19,10,,,
c6dc8e66-f5b5-47fb-bdd4-5bd72cdd64d9,commercial.solutions,sold,91,19,10,Dynadot Inc,14/01/2018 09:03,14/01/2026 09:03
7b92c6cc-d838-47d8-8c46-b70e5a2441cc,commercial.soy,available,91,19,10,,,
8eb6a40b-363e-42c9-bee5-1bad4d608977,commercial.space,available,91,19,10,,,
e32229f2-c71c-4bfa-b520-6874dffb6aaf,commercial.srl,available,91,19,10,,,
c71c9553-b85f-42fa-b294-d642a26c00d5,commercial.storage,available,91,19,10,,,
9e1f4327-3ffe-4820-9468-dc16e741b537,commercial.store,available,91,19,10,,,
379887fa-262d-47e9-8be7-28b3b15bd6c5,commercial.stream,available,91,19,10,,,
3e69fcaf-10ce-4d3e-a4e4-ecc9f964f9fd,commercial.studio,available,91,19,10,,,
d8174cf8-198b-4fdf-92fe-87106563473b,commercial.study,available,91,19,10,,,
276204e0-eec8-4639-9c28-e2934133d758,commercial.style,available,91,19,10,,,
63e9ca8a-fa60-4e51-bdc0-38b00ff54df8,commercial.sucks,expiring,91,19,10,"GoDaddy.com, LLC",04/01/2025 07:12,04/01/2026 07:12
43e001d2-5691-4693-8228-dcd29c3a435c,commercial.surf,resell,91,19,10,"Spaceship, Inc.",23/11/2025 14:47,23/11/2026 14:47
0b24e707-7985-4d7c-9802-21f7db800955,commercial.surgery,available,91,19,10,,,
efbd19aa-0aa8-490c-bdd1-e40e888ba921,commercial.sydney,available,91,19,10,,,
aacc7228-0334-43f0-a0ab-476fa5724aa7,commercial.systems,available,91,19,10,,,
c2d018c1-dd4c-4348-931c-f81b6a43ef12,commercial.talk,available,91,19,10,,,
000df659-39cc-4108-a324-b01fabef2288,commercial.tattoo,available,91,19,10,,,
c87870df-c29e-4999-91c1-1db34094428b,commercial.tax,expiring,91,19,10,"GoDaddy.com, LLC",30/08/2015 16:00,30/08/2025 16:00
10cf6c69-ad12-4c18-ab0b-ef6bdeb30932,commercial.taxi,available,91,19,10,,,
85a625e5-13e7-4069-bbfc-946b126a4061,commercial.team,resell,91,19,10,"DNSPod, Inc.",28/10/2024 17:00,28/10/2026 17:00
077ec647-e21d-4c6f-925d-5963b7282345,commercial.tech,available,91,19,10,,,
56612070-60c4-435e-8e7c-4424d90dde57,commercial.tel,sold,91,19,10,"Name.com, Inc.",02/11/2025 03:09,02/11/2026 03:09
70b96f2c-38c9-4134-abb4-1c64d706cc66,commercial.tennis,available,91,19,10,,,
42273b7d-bdc0-4da1-8b2f-10e1e942af03,commercial.theater,available,91,19,10,,,
faa3eaba-9cb8-4719-abd7-b7b47889a4f1,commercial.theatre,available,91,19,10,,,
38d0f481-2add-4836-819a-a02d2f91de87,commercial.tickets,available,91,19,10,,,
1f3972c0-347b-4c65-a282-0fdeb71731b7,commercial.tienda,available,91,19,10,,,
ae604227-3b51-4a35-9d60-c61ce24eee11,commercial.today,resell,91,19,10,"DNSPod, Inc.",10/05/2020 10:54,10/05/2026 10:54
68d22ca5-7a68-401d-a6ea-1e9e2c394b60,commercial.tools,available,91,19,10,,,
7160c80f-6f28-41b9-a105-faa7ca7b8573,commercial.top,available,91,19,10,,,
7a75d8ee-9e05-4524-9d0b-12352424fdf7,commercial.tours,available,91,19,10,,,
b1416642-8e46-4a1f-bb02-6839a89fa3b0,commercial.town,available,91,19,10,,,
a088d73a-a093-48f9-afc0-42d7294145c5,commercial.toys,available,91,19,10,,,
683487cc-dbef-4b75-b164-b2fde79c05b9,commercial.trade,premium,91,19,10,,,
fd15e65b-8150-4264-b9e3-b96932cfd3e4,commercial.travel,available,91,19,10,,,
957109eb-91b0-487e-ae58-0a9a993633ef,commercial.tube,available,91,19,10,,,
c9f34cc2-64f4-4ef1-9be9-6baf6faf18fd,commercial.university,available,91,19,10,,,
8f172dd2-4565-4ed7-957f-4180d45e4a72,commercial.uno,available,91,19,10,,,
67d2bb7d-cd8c-4d92-8021-2e6b1eaf6b37,commercial.vacations,available,91,19,10,,,
e7155e64-a2bb-4ff2-872d-a9b17d33eabd,commercial.vana,available,91,19,10,,,
110fdf6e-e8ea-43d1-b097-d46b8517e08c,commercial.vc,resell,91,19,10,"Sav.com, LLC",24/07/2020 00:25,24/07/2026 00:25
cd0bd138-af18-44bd-907b-ac9cd2e498ca,commercial.vegas,available,91,19,10,,,
27da28e4-abfe-4adc-9e33-57d1cc9dc09f,commercial.ventures,sold,91,19,10,Dynadot Inc,22/11/2020 01:59,22/11/2026 01:59
1c1b797c-3b0b-438e-b7e0-3328758576fc,commercial.vet,available,91,19,10,,,
90d43195-b23d-48c4-a9d0-fb7a9c514ec9,commercial.viajes,available,91,19,10,,,
7ad09a0f-cc32-49e4-b17b-53f8889d1ae5,commercial.video,available,91,19,10,,,
e9f1df87-bcd1-4647-89b0-24de57927c57,commercial.villas,available,91,19,10,,,
6f15e5ca-0273-47e8-a4ee-3f9a1dedb1eb,commercial.vin,available,91,19,10,,,
ad350b4d-d151-4d56-93b4-4835e8b5b4ed,commercial.vip,resell,91,19,10,"Chengdu West Dimension Digital Technology Co., Ltd.",06/08/2020 16:33,06/08/2026 16:33
b52e17d4-6d20-4072-9f0f-7b9fd796ff4d,commercial.vision,available,91,19,10,,,
49f4314a-9ef2-4a14-935a-47fb128533a9,commercial.vodka,available,91,19,10,,,
eabfbb12-e451-48b1-9425-b40ca192ac1a,commercial.vote,available,91,19,10,,,
97ea5b26-7638-4949-bf46-9ca9b408147a,commercial.voting,available,91,19,10,,,
d9f702f1-8c34-45a3-8a77-76bff61cd8ca,commercial.voto,available,91,19,10,,,
4adf38ab-e604-4121-b130-7ed7cdee1c28,commercial.voyage,available,91,19,10,,,
539fab27-ec8b-43d2-8bdd-7f2e6a7407cd,commercial.watch,available,91,19,10,,,
ed99ce42-7b1a-4849-b593-4b5e6ca6e3d0,commercial.webcam,available,91,19,10,,,
10458cb0-c2fe-46ca-aa31-18309eda2525,commercial.website,resell,91,19,10,West263 International Limited,26/11/2014 14:04,26/11/2027 23:59
6eebd92f-f31f-405f-8802-12ca4ca59f52,commercial.wedding,available,91,19,10,,,
5fa94f36-e1b1-47e6-a940-ca8ecf28b80c,commercial.wiki,resell,91,19,10,Sav.com LLC,13/05/2025 00:00,13/05/2026 00:00
2e43f91e-4af3-4bed-a9a8-de01c63535eb,commercial.win,available,91,19,10,,,
226e3601-fecb-4e72-a3cb-b151e6648b8d,commercial.wine,available,91,19,10,,,
d5e24b50-7e07-44a5-b311-7d82f017c0ba,commercial.works,sold,91,19,10,"GoDaddy.com, LLC",01/09/2016 19:01,01/09/2026 19:01
b53f7239-3e5c-47f9-8ee4-89dd0b140c88,commercial.world,resell,91,19,10,"Xiamen ChinaSource Internet Service Co., Ltd",31/03/2020 08:50,31/03/2026 08:50
5861c013-1a7e-4237-a006-060004ad50ba,commercial.wtf,resell,91,19,10,"Sav.com, LLC - 6",12/10/2025 15:16,12/10/2026 15:16
be839ee8-2dd4-4eb1-8bec-42715dbaad25,commercial.yoga,available,91,19,10,,,
a8cc3b18-d74c-42eb-96b6-5c82e311e8bb,commercial.you,available,91,19,10,,,
ced4a7e4-ef84-4de7-a12e-aadbe637bd66,commercial.zip,available,91,19,10,,,
591b2ccf-d2d2-4e68-b94f-59aca5645a83,commercial.zone,expiring,91,19,10,"GoDaddy.com, LLC",23/12/2018 23:26,23/12/2025 23:26
be478c4a-dd15-40e0-89f2-30621e4d4980,commercial.academy,sold,91,19,10,"NameCheap, Inc.",19/10/2025 17:07,19/10/2026 17:07
d767b463-935d-4b02-99fc-4ebaab675768,commercial.accountant,premium,91,19,10,,,
e6e5ae7a-be1c-405b-901b-c532f98904b7,commercial.accountants,available,91,19,10,,,